id,name,artist,acousticness,danceability,duration_ms,energy,instrumentalness,key,liveness,loudness,mode,speechiness,tempo,time_signature,valence
4dn6rw5Ze1uWrLm1uOk1gu,Stockholm Sweetnin',"Scott Hamilton, Jesper Lundgaard, Jan Lundgren, Kristian Leth, ",0.838,0.602,475680,0.302,0.907,8,0.113,-11.627,1,0.0427,119.758,4,0.3
6CDQBADsdzJwc3qZ3OPDHH,Almost Like Being in Love,"Red Garland, Paul Chambers, Art Taylor, ",0.873,0.571,290293,0.346,0.519,0,0.098,-12.569,0,0.0409,93.885,4,0.687
00CIFNT8kOm61dupysBFp8,Garden of Delight,"Jan Lundgren Trio, ",0.876,0.427,291862,0.287,0.874,11,0.133,-19.834,1,0.0346,104.407,4,0.467
2z6D5bIA9Wprdqi1B8nnVh,New Orleans,"Wynton Marsalis, ",0.714,0.644,340693,0.205,0.0482,10,0.051,-16.005,1,0.0397,118.314,4,0.411
1ykNjOQbYJgZE3pflVB9MN,The Sequel,"Wingspan, ",0.703,0.532,482360,0.364,0.618,9,0.0602,-13.068,0,0.0297,127.166,4,0.271
3MUYNYanSRUNJTJND4BW6Z,Sun Out,"Eric Reed, ",0.82,0.497,304413,0.365,0.803,7,0.0846,-14.489,0,0.0476,123.472,4,0.213
7jib7AfCM6wU5KjaA6Zt5d,Let's Call the Whole Thing Off,"Seamus Blake, Chris Cheek, ",0.679,0.491,549040,0.303,0.0797,5,0.14,-13.365,0,0.0483,142.109,4,0.358
3IUX5LP1PJrneT8YRmZ3zY,Cantaloupe Island,"Nat Adderley, ",0.754,0.616,438133,0.395,0.00223,0,0.0789,-16.249,0,0.0307,117.997,4,0.599
0YlOfF6acp4MSxlNxcslfo,Way 'Cross Town - Originally Performed By Carl Perkins,"Benny Green, Kenny Washington, Peter Washington, ",0.706,0.515,251333,0.327,0.851,6,0.104,-15.817,1,0.0901,91.083,4,0.784
3dtrI8OOHWxMyg6EHNecdt,Gramercy Sunset,"The Hot Sardines, ",0.886,0.466,255107,0.0753,0.927,0,0.0984,-18.864,1,0.0297,87.791,4,0.0877
4f0D7T8yswXUJ62AKLoMtS,One For Daddy-O,"Cannonball Adderley, ",0.581,0.617,505453,0.434,0,5,0.131,-7.257,0,0.031,108.416,4,0.412
5BUzXFDINXfB3VDh1BkmzL,The Runaround,"Peter Edwards Trio, ",0.487,0.539,233023,0.305,0.846,6,0.105,-16.701,1,0.055,127.807,4,0.692
44IDFP9CwgB7tj2HEyY4Zi,Have You Met Miss Jones,"Kenny Garrett Quintet, Mulgrew Miller, Tony Reedus, Nat Reeves, Woody Shaw, ",0.484,0.604,557067,0.237,0.492,5,0.0726,-19.828,1,0.0384,130.248,4,0.43
6OYVeWlKICv4I70RM1yHUC,Sandu,"Clifford Brown, Max Roach Quintet, ",0.651,0.686,297040,0.439,0.167,8,0.102,-9.304,1,0.0546,136.452,4,0.529
7lDhAXTGe5LO9xSbq56t0K,Nice Work If You Can Get It,"Marcus Roberts, ",0.671,0.482,283667,0.237,0.914,8,0.099,-21.34,1,0.104,202.3,4,0.681
4lsoraogx0H5pMYMQe9FyO,A Touch Of Silver,"Nicholas Payton, ",0.845,0.515,313560,0.519,0.696,7,0.102,-9.631,1,0.0391,128.346,4,0.343
34oMi39G5RYgaCPwRNJ7OU,They Didn't Believe Me,"Beegie Adair, ",0.839,0.583,209333,0.233,0.816,8,0.139,-15.529,1,0.0354,135.308,4,0.513
48Q8ER4XOaE4r00bjRxT9r,Begin The Beguine - Alternate Take,"Art Pepper, ",0.83,0.51,375173,0.398,0.14,8,0.149,-12.411,1,0.0718,181.695,4,0.709
6geba7EiMvkWk7h2XWzjb8,Cambridge Place,"Danny Grissett, Vicente Archer, Kendrick Scott, ",0.757,0.451,423520,0.441,0.811,8,0.0871,-14.813,1,0.0353,77.381,4,0.588
2uiTBklIqGQhPYdlUGvPl3,Mojo,"Booker Ervin, ",0.64,0.477,477693,0.301,0.0000063,7,0.0881,-15.635,1,0.0351,174.859,4,0.52
5lRBU0r21BO0TMmUe73Ysj,The Outlaw (Rudy Van Gelder Edition) [2007 - Remastered],"Horace Silver Quintet, ",0.709,0.548,367880,0.483,0.314,5,0.32,-12.246,1,0.035,104.35,4,0.744
0aEcArQsqTpErHdixEVaHj,Killer Joe,"Benny Golson, ",0.793,0.532,413427,0.369,0.00609,5,0.0819,-10.255,1,0.0407,120.192,4,0.233
2BhU0Hl5OatWiCW93pE2b8,Remember - 1999 Digital Remaster,"Hank Mobley, ",0.794,0.539,342333,0.403,0.000613,8,0.278,-9.168,1,0.0531,165.301,4,0.688
3gPr9tbx4jSM0nS6O9J5UZ,Blues for Sharpie,"David Hazeltine, ",0.624,0.493,329653,0.283,0.109,2,0.117,-17.36,1,0.0316,73.745,4,0.394
77q37gyYNb25EzIkpMic11,Smoke Stack - 1999 Digital Remaster,"Johnny Griffin, ",0.602,0.498,660376,0.739,0.00044,5,0.192,-7.167,1,0.0587,109.691,4,0.836
1zEkUwTpz0zKRMPsZdzMbY,Just in Time,"Bud Shank, ",0.889,0.606,225960,0.253,0.836,0,0.147,-14.412,0,0.0342,88.155,4,0.59
3hY3MPL9hAITPgVfiVlL5K,Stella By Starlight,"Joe Lovano, ",0.926,0.581,347773,0.163,0.861,0,0.116,-16.612,0,0.0547,88.101,4,0.443
2nhuWw711RfPtIY3NrpOZw,Let's Fall In Love,"Stan Getz, Gerry Mulligan, ",0.817,0.427,386280,0.216,0.00416,5,0.136,-14.166,1,0.0348,149.322,4,0.515
6pZOrJ9w1HbZJWu9TvBzIs,Brother Hiroshi,"Anthony Wonsey Trio, Richie Goods, Tony Reedus, ",0.7,0.571,379773,0.474,0.59,4,0.196,-11.634,0,0.0333,62.545,4,0.372
4WCZalosPdTXmwZ5ZUOarr,Ham Hocks and Cabbage,"Christian McBride, Christian McBride Trio, ",0.696,0.557,505067,0.104,0.899,3,0.1,-22.669,0,0.0437,123.145,4,0.315
3aiVRVghyLm8uMZoL4U96c,Blue Monk,"Ray Bryant Trio, ",0.842,0.632,309227,0.26,0.125,5,0.138,-14.86,1,0.0346,104.741,4,0.387
4QJTE3XQIN8lY4RBwc2c6w,Lucky To Be Me,"Tommy Flanagan, ",0.885,0.572,255000,0.488,0.853,2,0.103,-10.688,0,0.0592,126.43,4,0.603
3INugpDQxj3H8UlGg0zigo,Love Jumped Out,"Stan Getz, Bob Brookmeyer, ",0.757,0.597,466240,0.263,0.0000144,2,0.0921,-17.466,0,0.0468,79.227,4,0.515
11jHKP7tpYcDrVuSctGG6o,Stolen Moments,"Oliver Nelson, ",0.884,0.533,524933,0.192,0.835,0,0.143,-16.904,0,0.0475,115.642,4,0.334
37fKuIYSd67vF8mPpkgKyS,Honeysuckle Rose,"Ray Bryant, ",0.898,0.55,383027,0.389,0.914,1,0.106,-15.542,1,0.0308,166.246,4,0.753
6keKDGemOj5o7VJHNVaeYl,Bee Blues,"Brad Mehldau Trio, ",0.804,0.573,402013,0.271,0.8,6,0.0877,-16.138,1,0.0489,130.623,4,0.454
5x0knlH4sCOHjw2GjEZPEB,London Blues,"Brad Mehldau, ",0.702,0.455,422067,0.255,0.894,6,0.0591,-18.989,1,0.0492,79.761,4,0.291
1um3T5M9KAgWLDQk0IUzhh,Eronel,"Thelonious Monk, ",0.525,0.487,270133,0.354,0.000273,9,0.0958,-13.884,0,0.0417,177.572,4,0.731
3AhSSfO1Bovo84lQjJZrzZ,Send It On,"D'Angelo, ",0.168,0.789,356493,0.258,0.00714,5,0.326,-11.759,1,0.104,127.491,3,0.333
14VwBAL1qSlG4ovOSYUQF4,Spend The Night,"Rahsaan Patterson, ",0.0441,0.685,293400,0.549,0.0000539,2,0.0676,-9.175,0,0.0229,90.043,4,0.708
1tV7RXsTGdwxAvEo8Rv9pp,No Ordinary Love - Remastered,"Sade, ",0.641,0.619,438707,0.486,0.00883,11,0.0918,-10.421,0,0.0396,166.146,4,0.771
7BAAhI1TT3dDBS3WKrJhyZ,Keep You in Mind,"Guordan Banks, ",0.625,0.633,195997,0.611,0.00219,1,0.107,-6.56,1,0.0443,167.977,4,0.364
1HazDXnvOTubBFmZnabq7Q,So In Love - feat. Anthony Hamilton,"Jill Scott, ",0.363,0.709,275400,0.704,0,8,0.344,-6.021,1,0.0486,102.003,4,0.464
64mSigGWctZbfbfFpmBeer,Show Me the Way,"Earth & Wind & Fire feat. Raphael Saadiq, ",0.428,0.602,467733,0.497,0.000978,11,0.342,-5.865,1,0.0534,139.99,4,0.454
2wmHH8Xc9P2RN6fGDH4ON6,Anniversary - Radio Edit,"Tony! Toni! Toné!, ",0.05,0.707,272000,0.508,0,8,0.255,-9.629,0,0.0344,88.989,4,0.58
0QmLbWOTGnaMgUCL8xfWiw,Angel (Live),"Lalah Hathaway, ",0.369,0.567,342067,0.5,0.000055,11,0.53,-9.294,1,0.033,80.626,4,0.4
397fxHew7NyjryGWGr1Imy,"Baby, This Love I Have","Minnie Riperton, ",0.315,0.589,250867,0.437,0.00127,6,0.0944,-12.581,0,0.0487,83.263,4,0.747
6Z6apKp8CAta4BwlrrwlxO,All The Joy,"Moonchild, ",0.843,0.656,216453,0.217,0.0000043,5,0.296,-13.725,1,0.0538,90.065,4,0.217
3gATNBVu8d7oWs9WijPDjD,Pink + White,"Frank Ocean, ",0.674,0.539,184516,0.546,0.0000486,9,0.422,-7.448,1,0.106,159.996,3,0.536
2NnvIfwJpJtIHCsoWU3BCz,First Began,"PJ Morton, ",0.809,0.641,245099,0.191,0.000646,6,0.0943,-10.101,1,0.0375,72.499,4,0.425
1oiD5zGVKxlMNCxSUXGL9g,The Greatest,"KING, ",0.00904,0.601,195424,0.822,0.0159,5,0.0617,-5.407,0,0.0352,167.927,4,0.956
04Ojun9jaS6U7HTwRIoRf3,Green Aphrodisiac,"Corinne Bailey Rae, ",0.687,0.558,351227,0.505,0.000761,0,0.102,-7.614,0,0.0314,135.958,4,0.148
2qUZliZ9NHUYIAZqRNe6pZ,GOT IT GOOD,"KAYTRANADA, Craig David, ",0.0475,0.606,228147,0.503,0,7,0.116,-6.678,0,0.155,80.04,4,0.325
0qweeIYNNLMlGrX4czWMi1,Something,"Phonte, Eric Roberson, ",0.0156,0.639,288109,0.666,0.00000381,5,0.31,-7.943,0,0.0549,88.019,4,0.542
4MmwyJaWLDXjjWzXQti4cl,Deep Waters,"Incognito, ",0.354,0.686,395067,0.641,0.0000358,1,0.0751,-9.625,0,0.031,153.683,4,0.9
6W2bTxfCjQSgQHwH2LgbGC,There’s Nothing Like This (feat. Pino Palladino),"Omar, Pino Palladino, ",0.466,0.563,321813,0.549,0.00302,3,0.369,-8.802,1,0.0587,155.75,4,0.673
7muWyt73NWsGW3aPV1YILN,Cloud 9 - Main,"Donnie, ",0.167,0.632,308453,0.731,0,8,0.0305,-7.182,1,0.348,92.088,4,0.675
46ojXpU8hKUPFiDhBwUt6J,The Ingredients Of Love - Duet w/ Musiq Soulchild,"Angie Stone, Musiq Soulchild, ",0.26,0.514,236240,0.737,0,8,0.222,-5.25,0,0.308,78.806,4,0.65
1GWVyqmjhJkUfqaJwUk8Xi,Lake By the Ocean,"Maxwell, ",0.49,0.608,239027,0.652,0,4,0.348,-4.844,0,0.0953,76.02,4,0.373
0AZTkbO9umWmABq28mfkle,Love Natural,"Frank Mccomb, ",0.663,0.64,415827,0.678,0.0244,11,0.128,-7.945,0,0.065,86.718,4,0.463
79UjqYt9MCLlBpzAvaKVJj,In Love With You,"Erykah Badu, ",0.583,0.722,321000,0.274,0,9,0.173,-12.727,0,0.0696,132.505,4,0.647
4dlh921u5Ojn59FK2TOC24,Beautiful Surprise,"India.Arie, ",0.389,0.452,148701,0.229,0,9,0.143,-11.802,1,0.0421,76.131,4,0.355
22Ixvd6v1ofmishJchJfvN,No Limit,"Kindred The Family Soul, ",0.55,0.363,216813,0.677,0,1,0.158,-6.699,0,0.474,185.426,4,0.496
767PVupkn44LW4Mt9ZpKAV,Take Me Away,"John Legend, ",0.412,0.732,183173,0.642,0,3,0.135,-6.148,1,0.0573,89.983,4,0.765
4ev5Rkbz4eBHm447hrf7pZ,So Into You,"Ledisi, ",0.00965,0.68,227640,0.489,0.0000142,1,0.0737,-6.496,1,0.0778,82.424,4,0.552
4iuNZTcvT9diFySSzVsnVS,When I See U,"Fantasia, ",0.457,0.569,217347,0.596,0.0000899,8,0.205,-6.486,1,0.171,93.134,4,0.764
7gEGhEb1VcCeC6lJWnjI9Z,Love No Limit,"Mary J. Blige, ",0.172,0.547,299627,0.693,0.00269,11,0.052,-7.774,0,0.0526,169.659,4,0.595
0HrrWZIJ7hR7C0JmDZ2uvN,So Amazing,"Luther Vandross, ",0.49,0.626,221773,0.356,0.000031,3,0.225,-13.046,0,0.0332,128.588,4,0.304
1JPJQLSYAvPp4qnzC8Uk6Y,Lovin' You,"The O'Jays, ",0.609,0.627,317907,0.422,0.0000171,7,0.186,-10.814,1,0.0366,74.824,4,0.588
5Ikg1hHVz53mrytVXGrztN,"Love, Need And Want You","Patti LaBelle, ",0.84,0.566,300120,0.494,0,4,0.322,-9.36,1,0.0496,150.699,4,0.505
4KWRdYADKz1Fo1eLXWuMLi,All I Ever Think About,"Chrisette Michele, ",0.292,0.639,220827,0.724,0,8,0.11,-4.538,1,0.082,125.659,4,0.557
13fIg7eB5MP9slSQayHhjH,Let's Stay Together - Midnight Mix,"Eric Benét, ",0.517,0.769,286973,0.322,0,6,0.072,-6.615,1,0.0373,102.111,4,0.372
3afeZ81GDy59tATovKyH6Z,I Know You Know,"Esperanza Spalding, ",0.758,0.607,225200,0.427,0.0111,2,0.0961,-11.417,0,0.0758,89.306,4,0.77
25SXTm4vpejjWXqQrUftkO,Someone To Love,"Mint Condition, ",0.215,0.525,320093,0.567,0.00000192,2,0.358,-7.029,1,0.0356,141.877,4,0.314
4cVWa9vuwfPOukSIZN9012,How Many Ways,"Toni Braxton, ",0.0682,0.688,288093,0.758,0,10,0.192,-6.453,0,0.0819,77.906,4,0.717
3c6afiysmB7OnxQzzSqRfD,So Into You,"Tamia, ",0.0665,0.656,261867,0.479,0.00272,7,0.168,-7.055,0,0.0348,184.374,4,0.71
2UXEwIOtNGUUgGdXnds8V7,Closer,"Goapele, ",0.462,0.714,229693,0.436,0.0117,1,0.107,-6.471,1,0.0342,93.025,4,0.364
4RMIDsxooqjhLIkxhlWzLa,You,"Raheem DeVaughn, ",0.429,0.777,302187,0.654,0,2,0.105,-7.333,1,0.0336,124.009,4,0.509
2fE4MbwX3QGMzNaMjGVhtw,Say Yes,"Floetry, ",0.219,0.74,268373,0.404,0.00000141,5,0.128,-12.947,0,0.0761,117.887,1,0.431
7GazZcRE8uDL24PzwyUe2f,Between the Sheets,"The Isley Brothers, ",0.621,0.716,338573,0.435,0,0,0.0662,-10.502,1,0.114,83.925,4,0.512
1Dx8rIZaXzZPvUQRF2j9hB,Sweet Lady,"Tyrese, ",0.233,0.588,290600,0.522,0,9,0.24,-6.254,0,0.0383,66.024,4,0.571
6gsmFgUiSTuinJlScwFODv,I Love You,"Faith Evans, ",0.00981,0.489,267160,0.757,0,11,0.234,-4.062,0,0.0926,168.004,4,0.557
0E6r8RJJE0WgS5GGsAIuBO,Nothing Has Ever Felt Like This,"Rachelle Ferrell, ",0.336,0.417,385312,0.236,0.00000619,4,0.0682,-17.719,0,0.0346,110.569,3,0.163
2lnQcP5hr4RKR63TFvnI4k,Overjoyed,"Stevie Wonder, ",0.552,0.367,222586,0.271,0,10,0.147,-17.318,1,0.0316,83.078,4,0.163
1emvYBqAWFPpFUQyhBG9He,I'd Give My Life For You - Alternate Mix,"Marvin Gaye, ",0.398,0.269,209000,0.426,0,0,0.275,-8.179,1,0.0351,83.152,3,0.243
7gh2v4IHnxdiwSgA6xluhe,Through The Fire,"Chaka Khan, ",0.166,0.569,286693,0.589,0.00000691,8,0.132,-7.395,1,0.0306,130.865,4,0.407
5oYwkqmQlYM6HXmC6psUym,I Never Wanna Live Without You,"Mary J. Blige, ",0.412,0.566,377278,0.528,0,7,0.072,-8.879,0,0.0828,136.179,4,0.332
7fa1oiFqQFhlO8ghtLIGpR,Beautiful To Me,"Shane Filan, ",0.368,0.688,213945,0.415,0,2,0.116,-8.701,1,0.0308,88.499,4,0.282
3cNjgVBKTJ1SvKhunrCdVy,Please Don't Go,"Joel Adams, ",0.0118,0.513,210580,0.768,0.0000194,4,0.294,-4.868,0,0.0587,84.264,4,0.235
1OBlp2GgUQbPMtGNYg4Kdn,Perfect Melody,"Nano, ",0.125,0.693,203520,0.613,0,3,0.111,-6.209,1,0.0268,117.993,4,0.46
3qhobDAfBcVoOWZP8Ck8R2,Ophelia,"The Lumineers, ",0.613,0.664,160097,0.573,0.000363,5,0.0857,-6.519,1,0.0277,76.023,4,0.573
34gCuhDGsG4bRPIf9bb02f,Thinking Out Loud,"Ed Sheeran, ",0.474,0.781,281560,0.445,0,2,0.184,-6.061,1,0.0295,78.998,4,0.584
2nI6aT3cnPFoXQ1L705wcY,Some Type Of Love,"Charlie Puth, ",0.353,0.706,185608,0.589,0,2,0.105,-6.051,1,0.08,90.491,4,0.41
5JhtfNV7PsT5L5nrIJ4IUp,Dandelion,"Kacey Musgraves, ",0.359,0.581,182453,0.505,0.00131,11,0.131,-10.104,1,0.0312,79.322,4,0.183
6FOyzhp375u8DapDyQqGTh,Tiger Striped Sky,"Roo Panes, ",0.944,0.473,241720,0.317,0.0124,2,0.11,-10.324,1,0.0318,139.899,4,0.125
3efYhFCibQlRplX1OP1924,Bang My Head - Radio Version,"Sweetfire, ",0.719,0.641,286897,0.301,0.0000408,4,0.126,-8.309,0,0.0278,87.984,4,0.124
3GBlLqIYgB8zWaeWDNJzdh,Capsize,"FRENSHIP, Emily Warren, ",0.042,0.681,237760,0.708,0.14,5,0.682,-6.019,0,0.0304,92.993,4,0.359
1obcO5plIza6FtGmMD9ceN,Running Out - Live From The Studio / 2016,"Astrid S, ",0.984,0.51,165307,0.224,0.0000278,10,0.145,-7.423,1,0.0624,167.805,4,0.337
10tMVFMvd9224Zcq4A5dRL,Collide - Chris Lord-Alge Mix aka Radio Edit,"Howie Day, ",0.264,0.56,247707,0.76,0.00000432,11,0.123,-7.408,1,0.0321,93.981,4,0.515
5REdxRARKVoJuZppmwglN4,Solid Ground,"Alex Vargas, ",0.512,0.372,237160,0.487,0.000212,1,0.192,-7.165,0,0.0432,108.43,4,0.159
6SJ1qt2W5A4AEdxjqajMWU,I Just Wanna Love You,"The Shires, ",0.435,0.587,233053,0.398,0.00000523,3,0.155,-9.965,1,0.0278,145.9,4,0.319
2so9nFRdufwNO4A5Bmhqwd,Diamond Mind,"Jonah Tolchin, ",0.667,0.471,235907,0.21,0.0612,4,0.118,-18.761,1,0.0409,80.603,4,0.406
3I8PF8Xx9JcHbLhKqEdKgW,Till The Sun Comes Up,"Gavin James, ",0.893,0.457,236187,0.21,0,3,0.0816,-12.284,1,0.0339,127.979,4,0.197
06KyNuuMOX1ROXRhj787tj,We Don't Talk Anymore (feat. Selena Gomez),"Charlie Puth, Selena Gomez, ",0.621,0.728,217707,0.563,0,1,0.179,-8.053,0,0.134,100.017,4,0.35
0G9ndKuRExPgFmcp5SgBsp,Retreat,"Cocoon, Natalie Prass, ",0.753,0.523,210000,0.331,0.00205,11,0.102,-13.149,1,0.0409,82.956,4,0.321
6AQGlm2uDrOVXPVJE4hrNu,Lost In My Mind,"The Head and the Heart, ",0.43,0.372,259120,0.542,0.000335,2,0.282,-8.113,1,0.0288,95.34,4,0.38
059ACLUOyEcdruA2m9f2jd,Unstoppable,"Sia, ",0.112,0.468,217747,0.779,0.000373,9,0.101,-4.839,1,0.0779,173.799,4,0.268
1eftIypOTzVCDPv9xLZPDN,Only You (with James Corden),"Kylie Minogue, James Corden, ",0.897,0.49,185747,0.294,0,10,0.111,-10.154,1,0.0264,94.987,5,0.245
5TGZ9gUY5LoJLxDg7B5H7w,Summertime Of Our Lives,"Cody Simpson, ",0.274,0.618,195173,0.504,0,0,0.105,-7.571,1,0.0347,138.031,4,0.264
2pV8RpdLemcyMWko8dASVt,Like I'm Gonna Lose You,"Jasmine Thompson, ",0.958,0.398,232339,0.174,0.00000416,0,0.158,-11.16,1,0.0364,172.152,3,0.137
3xGea4DXyeushHopGks3y8,Good Love,"Jason Castro, ",0.124,0.572,185133,0.885,0,10,0.336,-4.196,1,0.0353,93.037,4,0.576
0ELQGxXgUafqOu80urrauc,Trust Somebody,"Jackie Greene, ",0.0669,0.547,300400,0.577,0,2,0.143,-5.331,1,0.0286,133.859,4,0.358
5GkqK9pWQDOSZ1NKA1hCmD,To Lose Someone,"Taken By Trees, ",0.655,0.735,286627,0.533,0.446,7,0.1,-13.101,1,0.0337,94.997,4,0.575
1fDm1kCj6dwmviArCtCsOA,Distance And Time,"Alicia Keys, ",0.378,0.45,267467,0.434,0.00236,0,0.108,-8.952,1,0.0295,139.544,4,0.234
7GsLrzsAash4bp75SltRaN,Chasing Pirates,"Norah Jones, ",0.547,0.85,160907,0.468,0.0667,2,0.106,-9.09,0,0.039,106.974,4,0.761
4U45aEWtQhrm8A5mxPaFZ7,Vienna,"Billy Joel, ",0.659,0.532,214240,0.495,0,10,0.0754,-6.662,1,0.0343,124.936,4,0.295
5svqb6M7Krlb9dkS2AWTyd,Am I Forgiven?,"Rumer, ",0.452,0.652,208283,0.497,0.00000249,0,0.0982,-9.355,1,0.0281,117.024,4,0.6
1bpAGufvAgqEIob4V1k7mP,Nervous,"Gavin James, ",0.375,0.543,216200,0.673,0.0000765,7,0.127,-10.046,1,0.0384,83.102,4,0.159
25IjPQGriH6U43pgITzSQz,After All This Time,"The Beautiful Girls, ",0.632,0.843,227720,0.422,0.00046,11,0.0896,-10.477,0,0.0655,95.947,4,0.497
0YoOpaGDxRwq6gFbbU8lRg,The Three Of Me,"William Bell, ",0.578,0.596,204347,0.534,0.0000196,5,0.117,-6.41,1,0.0381,156.036,4,0.731
1X0mseEKRtcotfixQOCNR3,The Desert Babbler,"Iron & Wine, ",0.228,0.51,207160,0.631,0.00794,6,0.338,-8.921,0,0.0371,88.832,4,0.618
4h0zU3O9R5xzuTmNO7dNDU,Lost Boy,"Ruth B, ",0.965,0.71,275280,0.0565,0,7,0.0889,-15.099,1,0.0534,123.994,4,0.352
6xraWJ8FdIJ8c8HpwXhNgs,Windy,"Scarlet Pleasure, ",0.0573,0.628,205952,0.568,0,1,0.11,-7.354,0,0.101,198.074,4,0.379
7mNPYVxyHtEneLo7tjQJMj,Ugly Heart,"Thyra, ",0.506,0.651,218000,0.437,0,9,0.101,-8.008,1,0.0305,94.996,4,0.575
1A4WjuUXeFEVXjwgc7eVZ6,Good People,"Jack Johnson, ",0.204,0.721,208507,0.586,0.0000221,11,0.0902,-5.999,1,0.034,176.105,4,0.916
4CHJIqkY1bvrvfpP3qb2qi,Stitches - Acoustic Version,"Chris Call, ",0.774,0.633,199890,0.407,0,3,0.167,-9.524,1,0.0398,129.666,4,0.334
2JR7RCUN6pZIoyNzaqxdUa,Cassidy,"Brett Dennen, ",0.182,0.602,268440,0.595,0.00000844,8,0.0812,-10.337,1,0.0339,84.362,4,0.963
7ilS0BPWS8ek2P2GaxH3cP,When We Were Young,"Adele, ",0.303,0.377,290900,0.595,0,3,0.095,-5.936,1,0.0489,144.464,4,0.264
5fMInRpERS8jP2zPz6QyUI,Love And Happiness,"Marc Broussard, ",0.0269,0.884,278147,0.469,0.00111,1,0.073,-9.852,0,0.0372,94.345,4,0.896
5NerQeQcH7IbwZOEjCenst,Do You Remember,"Jarryd James, ",0.181,0.649,234853,0.333,0.000269,1,0.115,-9.938,0,0.0556,143.992,4,0.335
6i0V12jOa3mr6uu4WYhUBr,Heathens,"Twenty One Pilots, ",0.0841,0.732,195920,0.396,0.0000358,4,0.105,-9.348,0,0.0286,90.024,4,0.547
6SdUtkLRQtzXzsEHjEGHna,Here Is Where Your Love Belongs,"Jaye P. Morgan, ",0.101,0.531,272627,0.355,0.000652,11,0.0546,-11.583,0,0.0498,150.543,4,0.645
5hzDqrcTySa1Ek9nRCRd7Q,Carry On,"Norah Jones, ",0.929,0.488,168107,0.22,0.27,10,0.109,-14.811,1,0.0391,80.08,3,0.387
31jzyAcjx8yaU7A0tUNgTO,Perfect,"Lucie Silvas, ",0.793,0.312,288255,0.332,0,6,0.155,-4.718,1,0.0393,169.221,4,0.358
1JIonCKtbUUkRIeEJrQBGU,Comeback Kid,"The Band Perry, ",0.273,0.781,231427,0.688,0,3,0.115,-5.718,1,0.0472,127.977,4,0.456
37R0bQOQj5a7DOqh1TGzvB,One Call Away,"Charlie Puth, ",0.403,0.667,194453,0.613,0,1,0.115,-5.353,1,0.0344,91.024,4,0.479
429EttO8gs0bDo2SQfUNSm,Georgia,"Vance Joy, ",0.312,0.388,230507,0.66,0.000307,11,0.0943,-7.372,1,0.0308,143.554,4,0.386
0H9k5RFDiHzL0WTPBk7Xz8,I Never Learn,"Lykke Li, ",0.224,0.297,186093,0.43,0.000686,11,0.228,-6.828,0,0.0377,119.943,4,0.133
228IDYsx1EAHiuh9xLktmj,America,"First Aid Kit, ",0.871,0.27,218240,0.329,0.00000891,9,0.12,-7.318,1,0.032,163.236,3,0.179
4ailHqDa2ThPlIsChM6neH,Roads,"Chris Mann, ",0.255,0.331,226413,0.539,0,0,0.125,-5.005,1,0.0323,128.306,4,0.134
0VZ9xPNa6ROafP6GYYuv2S,Marry Me,"Train, ",0.829,0.366,205453,0.269,0.0000167,0,0.108,-8.456,1,0.0287,86.577,4,0.468
2HLd7alxKkXHU2KmbGUUVm,Bridge,"High Highs, ",0.902,0.602,150522,0.359,0.0263,6,0.0946,-7.893,1,0.0244,90.458,4,0.437
7nb2hZWBxeG38lwcRjFqn4,You Are So Beautiful,"Joe Cocker, ",0.86,0.387,162467,0.182,0.00255,1,0.0962,-10.815,1,0.0311,121.903,4,0.0894
3fxc2GDtIjDprOyMFABWDs,Stay With Me,"Amos Lee, ",0.145,0.519,193293,0.458,0.0171,5,0.113,-8.835,1,0.0263,108.401,4,0.319
1QDnmfye4v7yZ7RBPFjzXT,I Could Be The One - Noonie Bao Acoustic Mix,"Avicii, Nicky Romero, ",0.931,0.346,231427,0.316,0.0000653,9,0.0935,-10.266,1,0.0375,202.991,4,0.212
7oZpnpAQYHe936t9pd3HKr,When I Was a Boy,"Electric Light Orchestra, ",0.843,0.237,192987,0.462,0.0585,0,0.0964,-7.79,1,0.0308,149.178,4,0.323
1MDoll6jK4rrk2BcFRP5i7,Hello,"Adele, ",0.329,0.471,295502,0.431,0,5,0.0854,-6.129,0,0.0342,157.98,4,0.293
6SQx5fpFMzeBrKsmj6xn1i,Back At One,"Brian McKnight, ",0.443,0.631,198941,0.447,0.00000157,11,0.161,-8.043,1,0.0283,134.067,4,0.363
7MY77zbtJr7KOSrOza4S3L,7 Years,"Lukas Graham, ",0.322,0.726,237300,0.498,0,10,0.386,-5.788,1,0.0621,119.825,4,0.338
7oDjaRDdf9zNQ8N3yRjQwF,Feeling Good,"Avicii, ",0.318,0.394,228939,0.581,0,11,0.112,-5.489,0,0.0397,100.092,3,0.0995
5TDxhVHsd9AxcWieCsYtcs,Stone,"Alessia Cara, Sebastian Kole, ",0.308,0.763,228000,0.503,0.0000321,6,0.0904,-5.875,1,0.0323,128.023,4,0.362
7fWSIddv6LJG8ZXJFNVQyi,Nothing Really Matters,"Mr. Probz, ",0.888,0.404,222042,0.225,0,4,0.111,-8.829,1,0.0363,135.075,4,0.268
1JmLA5HZ7Wp7L8DNctLpUW,Nana,"The 1975, ",0.779,0.686,236747,0.288,0.00304,5,0.115,-11.533,1,0.03,111.036,4,0.221
7COMDcdoMSxa2xl20MkYqj,Rude - Acoustic Version,"Sweetfire, ",0.815,0.657,228000,0.331,0,4,0.106,-7.181,0,0.0284,128.038,4,0.257
1ulDt6ySVbMbzZCBO6hSfb,Little Talks,"Julia Sheer & Jon D, ",0.873,0.637,219760,0.263,0,5,0.164,-9.094,0,0.0399,97.423,4,0.483
1WXVfFRD89EtVURD4Tbixo,The Breach,"Dustin Tebbutt, ",0.617,0.629,253848,0.586,0.0803,1,0.129,-8.562,1,0.0269,102.995,5,0.523
5P6ZBMWS66FVo6deJaDdHy,Dust to Dust,"The Civil Wars, ",0.745,0.747,229653,0.265,0.0169,1,0.11,-14.141,1,0.0354,138.017,4,0.208
2zhk0kypGeOPsaaZcjyc14,Burning House,"Cam, ",0.887,0.728,231333,0.253,0.0000111,0,0.133,-8.427,1,0.0304,140.923,4,0.455
5vGpdYEtZbiBVq1dT6SCqI,Home,"Max Jury, ",0.377,0.518,197207,0.328,0.0989,11,0.1,-10.401,1,0.0273,123.128,4,0.103
7Lwj4BttdzmwGIL5pigaMV,Have I Told You Lately - 2008 Remastered Version,"Rod Stewart, ",0.498,0.523,241507,0.366,0,10,0.094,-14.069,1,0.0331,142.814,4,0.289
2pHMa8nz26rjjBf2a6wgY8,Quits,"Danny O'Keefe, ",0.675,0.45,198840,0.304,0.414,7,0.0896,-12.395,1,0.0286,133.054,4,0.35
7rR5X9RKz5VprclstYOLb5,Breakers Roar,"Sturgill Simpson, ",0.669,0.369,212587,0.31,0.514,11,0.245,-13.384,0,0.0309,84.41,4,0.173
4m8ttWM8IKXyhpv89E867J,Cherry Blossom Girl,"Air, ",0.362,0.436,219760,0.76,0.955,1,0.13,-7.906,0,0.0374,75.012,4,0.501
5jAKG8v1Xo3hOqcZwgZ22Y,The Other Part of Me,"Lillie McCloud, ",0.00708,0.569,274440,0.529,0,1,0.106,-6.914,1,0.0315,123.922,4,0.199
4T2SmVJPtDdugk5j5xV1d5,You And Me,"Lifehouse, ",0.115,0.458,195493,0.428,0,7,0.161,-7.835,1,0.0268,139.9,3,0.359
7Eb59n8SQ59pPFArft6W53,Close To You,"Dionne Warwick, Mýa, ",0.24,0.681,239908,0.467,0,4,0.123,-8.637,0,0.0588,84.001,4,0.352
0oYo06FRCBtrE3kWrDcsDF,I Hope That I Don't Fall In Love With You,"Tom Waits, ",0.919,0.558,234533,0.177,0.000211,0,0.113,-16.368,1,0.028,85.887,4,0.459
4zzVVVW5qjEevwa6T51C0O,Without You (Alternate Version),"Tobias Jesso Jr., ",0.815,0.513,212448,0.422,0.00142,1,0.0858,-9.261,1,0.0267,131.045,4,0.0765
30YeduyphaQJydQLUBXEEP,Walk The Line,"Ben L'Oncle Soul, ",0.0671,0.321,248467,0.51,0.0000297,7,0.0778,-6.815,1,0.0306,129.491,4,0.322
104Rq6Oh9cRttOFKVPiVmo,Heroes - Acoustic Version,"Hamilton, ",0.949,0.682,227143,0.13,0.00000263,1,0.093,-12.496,1,0.0342,111.85,4,0.24
6xM8oBy40nK1rOd8WmoOPx,Last Request,"Paolo Nutini, ",0.241,0.605,220413,0.704,0,5,0.137,-6.564,1,0.0476,80.925,4,0.405
2WOpBtXX02RS4UCzBholDq,I Don't Want To Change You,"Damien Rice, ",0.472,0.41,326206,0.306,0.0000328,4,0.12,-9.704,0,0.0348,141.565,4,0.161
3RVupqMb1zXl8FNG9TlWBZ,Mykonos,"Fleet Foxes, ",0.417,0.391,275307,0.45,0.000335,11,0.14,-9.251,1,0.0306,121.946,4,0.347
2YVGvtfEQall8Grv3CTfgq,Soundwaves of Gold,"The Daydream Club, ",0.753,0.601,176400,0.538,0,9,0.0991,-5.993,0,0.0297,149.963,3,0.383
7BVwi9cIzSc6tpyxsp47vJ,Mess Is Mine,"Vance Joy, ",0.047,0.595,223640,0.723,0.0286,7,0.0995,-8.256,1,0.0349,108.043,1,0.267
1wmLLUmH0mNjDkyS5eW6ge,Half A Native,"Buxton, ",0.895,0.553,212653,0.444,0.882,4,0.4,-12.916,1,0.0291,106.014,4,0.361
3gvAGvbMCRvVDDp8ZaIPV5,Lost in My Mind,"The Head and the Heart, ",0.451,0.375,259120,0.546,0.000312,2,0.278,-8.16,1,0.0294,95.361,4,0.361
2fSIF8CJhoc9CJhF9vJDXp,Jolene,"Ray LaMontagne, ",0.862,0.587,250867,0.142,0.000162,7,0.0953,-15.196,1,0.0329,119.752,4,0.286
3dhLTGgw1EvjXExJYxTfWw,Devil's Spoke,"Laura Marling, ",0.473,0.447,218188,0.568,0.00028,2,0.0824,-9.172,1,0.0423,117.561,4,0.298
2OTovEYN1lx57YfLEe4ylM,Funtimes in Babylon,"Father John Misty, ",0.74,0.536,219893,0.489,0,4,0.0948,-7.669,1,0.0319,104.598,4,0.37
08cXy6KUizaAelYXtcew3w,1957,"Milo Greene, ",0.663,0.388,204213,0.595,0.0000558,1,0.178,-9.799,1,0.0325,190.043,4,0.577
0wCdVAzMXQRstCMaYcTRs5,Ends of the Earth,"Lord Huron, Ben Schneider, ",0.28,0.551,286547,0.574,0.0264,4,0.134,-8.676,1,0.03,120.946,4,0.397
0k2ZJ0m9z3FVkeFhgB5QiW,Silly Things,"Wild Child, ",0.736,0.513,254333,0.528,0.00000782,0,0.109,-7.162,1,0.0643,141.415,4,0.378
3QNVDWzBXxbwWcBwZc79qM,King of the World,"First Aid Kit, ",0.0227,0.502,218840,0.753,0,0,0.0845,-4.764,1,0.0372,104.623,4,0.516
061JLUPX1zwaAfZVqtopAo,Hey,"Falls, ",0.13,0.588,181440,0.681,0,10,0.272,-5.376,0,0.0274,104.982,4,0.572
0Hb2wHT0WevP1oSjp1Ubev,Wild Country,"Wake Owl, ",0.451,0.554,223584,0.566,0.000364,9,0.128,-8.728,1,0.0295,86.051,4,0.374
26p3fcRB4MtqizEUYoaSmW,Nothing to Show For,"Nathaniel Rateliff, ",0.661,0.453,249377,0.657,0.00319,5,0.183,-7.737,1,0.0448,147.583,4,0.424
6rKl4Ooob8IXYFoYgRFo7b,Another,"Greylag, ",0.651,0.578,211467,0.608,0.00275,0,0.0775,-9.23,1,0.0305,91.007,4,0.406
1xXLNhxX57cZqLsDPlKZpc,The Walls Are Coming Down,"Fanfarlo, ",0.00679,0.546,255280,0.74,0.0000334,7,0.0634,-5.631,1,0.0269,101.652,3,0.279
6PCf10OiKJyah7OkiIzrEF,I Am Not Waiting Anymore,"Field Report, ",0.785,0.447,208187,0.262,0.000135,5,0.122,-9.218,1,0.036,80.59,3,0.166
0vwNpXR7SPHC5Ef7f5W4DA,Poison Cup,"M. Ward, ",0.333,0.453,160693,0.559,0.0104,0,0.109,-9.466,1,0.0307,112.221,4,0.282
3ZrxDW8SSPZkGPwDggS9zh,Home from Home,"Roo Panes, ",0.807,0.528,180613,0.28,0.000377,7,0.116,-10.181,1,0.0368,102.061,3,0.347
0bZ52QzCCKfrfOqs7za6lI,Cherry Wine - Live,"Hozier, ",0.951,0.415,240147,0.11,0.00236,1,0.0962,-14.901,1,0.0388,81.876,4,0.224
3ihp0qYSN89GBnrgF6GhRh,Either Way,"Beta Radio, ",0.637,0.651,135560,0.621,0.000122,8,0.0712,-7.271,1,0.0359,77.578,4,0.904
3o2tw8emnaXFAIKBYdKW5T,Northern Lights,"Bowerbirds, ",0.548,0.69,174000,0.439,0.00117,5,0.163,-9.476,1,0.0289,114.118,4,0.265
1KlDcHrlDPUJJPmMup3tUp,5 Years Time,"Noah And The Whale, ",0.335,0.8,214920,0.559,0,0,0.148,-7.11,1,0.116,121.967,4,0.79
72BlyfR0zO3NWcLZQ1ARcK,Don't Let It Get You Down,"Johnnyswim, ",0.0926,0.69,200401,0.657,0.000209,7,0.12,-4.397,0,0.0372,140.005,4,0.498
7qzqcfLHBAUherRXgW4Ul7,Amy,"Ryan Adams, ",0.836,0.506,226333,0.0821,0.0000917,6,0.123,-19.236,1,0.0363,123.745,4,0.194
5Zp4SWOpbuOdnsxLqwgutt,At Home,"Crystal Fighters, ",0.104,0.649,306440,0.897,0.197,11,0.121,-4.809,1,0.0318,105.002,4,0.35
5Sn4XTt5iCcHgX9bKeQhZf,Little More Time,"Ciaran Lavery, ",0.539,0.632,226880,0.546,0.0000845,10,0.617,-8.57,1,0.0333,72.559,4,0.407
1qhlfTipmALXorAyNHoEiH,Easy to Love - Live at Spotify House,"Ivan & Alyosha, ",0.294,0.613,217630,0.53,0.0000113,4,0.116,-8.201,1,0.035,171.814,4,0.615
7I7LzsOIMxsFZ3B8nDDG7y,Elation,"Isbells, ",0.851,0.563,210573,0.275,0.0022,8,0.0738,-12.969,1,0.0461,82.528,4,0.231
5k0XigfR3dI8VmaYo2BV2K,Into the Fire,"Foy Vance, ",0.458,0.455,282280,0.291,0.249,10,0.0928,-15.399,1,0.0279,73.945,4,0.301
3OxuCeQqFNGjLuZUlEXzZp,A Candle's Fire,"Beirut, ",0.153,0.588,199280,0.633,0.0000595,6,0.139,-5.772,1,0.0392,119.908,4,0.582
2EWRUGLGX59cwdpIZjmkQO,This Sweet Love,"James Yuill, ",0.119,0.64,223613,0.619,0.38,0,0.0597,-8.894,0,0.0297,115.01,4,0.572
0yudq8TZZ686FPj3fMKcFd,Coconut Skins - Live At Fingerprints,"Damien Rice, ",0.143,0.321,238653,0.422,0,7,0.955,-7.687,1,0.029,98.238,4,0.465
7w9qIugZIij4NGIBmNpp3P,Like Real People Do,"Hozier, ",0.885,0.568,197787,0.163,0.0000643,7,0.106,-13.368,1,0.0276,140.008,3,0.173
4hIv0vg8xbxlbbde8cIkcz,Shine,"Benjamin Francis Leftwich, ",0.64,0.714,182613,0.533,0.0000017,4,0.162,-10.405,1,0.0293,118.107,4,0.633
4JKHACLkotsxdKNF9vJYOS,Nothing Arrived - Live from Spotify London,"Villagers, ",0.929,0.579,219093,0.415,0.0018,7,0.671,-11.599,1,0.0397,102.713,4,0.412
3aDzxZK00STXm41wUiuKS2,We Don't Eat,"James Vincent McMorrow, ",0.91,0.432,293800,0.372,0.0105,7,0.121,-12.494,1,0.0481,124.019,4,0.369
3i508xSmrzqtAGl6wYPGae,Something In The Air,"The Jepettos, ",0.265,0.442,233368,0.542,0.0788,0,0.14,-10.604,1,0.0304,149.813,4,0.133
2ZNMKkqfxJAvaxVdBF7afT,Love Song,"Mariee Sioux, ",0.925,0.477,229173,0.305,0.133,2,0.132,-11.411,0,0.0348,117.974,4,0.324
099TPpEaCSjEwysWZeTZv1,You Know Me,"Air Traffic Controller, ",0.000665,0.519,240680,0.861,0.00000121,6,0.134,-6.413,0,0.0404,138.048,4,0.833
4zuZZ7RAbJ8fkuUxrISlj6,Carousel,"Miner, ",0.0566,0.362,203187,0.738,0,0,0.143,-4.821,1,0.0331,121.793,4,0.487
4l94386YhnCzduk44xzFRx,Back To You,"Twin Forks, ",0.00594,0.547,170960,0.848,0,2,0.0743,-5.622,1,0.068,128.987,4,0.391
1Dq7TUIkdtsqJ65fxiIn6i,Volunteers,"Megafaun, ",0.186,0.602,177600,0.746,0,0,0.122,-3.528,1,0.0365,118.026,4,0.614
1AJ6dy0kvwMqGNPAT8XlJp,Pulaski at Night,"Andrew Bird, ",0.67,0.446,289093,0.643,0.000818,7,0.0951,-7.925,1,0.0561,99.608,4,0.527
4Ak6JZSh4CaPMRoXcmdE2X,A Seat at the Table,"J. Tillman, ",0.962,0.36,246867,0.132,0.0461,0,0.12,-19.544,1,0.0276,94.572,4,0.341
2JGSYOFs3qNgd4hhvhrkf8,Home,"Islandis, ",0.00084,0.479,230132,0.808,0.0288,1,0.152,-5.604,1,0.0673,75.121,4,0.583
4r608qFvEK55vdNyOPtnwf,Harvest Moon,"Poolside, ",0.288,0.782,368774,0.622,0.53,2,0.584,-5.823,1,0.0411,106.022,4,0.913
01Vfx2Jna7YYXb645Auid1,Tell Me,"Sharon Jones & The Dap-Kings, ",0.312,0.771,166767,0.639,0.00000642,6,0.14,-8.151,1,0.0321,110.509,4,0.887
3kguMbJma0qhOLniGsFlKq,Better Man,"Leon Bridges, ",0.219,0.395,140133,0.746,0,7,0.123,-4.938,1,0.0447,188.267,4,0.699
1VCEWYRGhRp6yaCFt7GzA9,The Best Crew,"Tep No, ",0.311,0.677,236786,0.738,0.000144,6,0.138,-6.287,1,0.0467,98.963,4,0.561
3i0nDmjTjXDsoMIKUFlhDR,Turning Heads,"Boyakaza, ",0.15,0.733,186033,0.628,0.873,5,0.128,-6.119,1,0.0362,93.02,4,0.84
5Opx1U7Rohfc06VDphr5qt,Windy,"Scarlet Pleasure, ",0.0388,0.772,206774,0.583,0,1,0.112,-7.202,0,0.0509,99.011,4,0.365
6UKQqrX26fiwC6ab7Subn2,Broken Roots,"Michl, ",0.483,0.578,226000,0.58,0.00232,2,0.289,-6.895,0,0.157,145.868,4,0.255
4bCCfBzdKxiA7tGWL0CZFm,Boyce And Hart,"The Minus 5, ",0.000955,0.67,178707,0.58,0.00128,0,0.22,-6.263,1,0.0306,114.981,4,0.433
5NHUINKcKplm3RaM0doXKI,Town & Country,"Bibio, ",0.503,0.714,243373,0.689,0.00134,7,0.1,-6.538,1,0.04,95.035,4,0.881
18erGN4kzZeFOSPzlkbc2d,Confused Lover,"biLLLy, ",0.424,0.625,214091,0.419,0.0000773,9,0.203,-11.475,0,0.391,87.762,4,0.735
1ZczOoLuCyDO5dKUPndxf5,Say a Little Prayer - Live,"Lianne La Havas, ",0.84,0.492,203574,0.326,0,4,0.696,-6.416,0,0.0505,112.218,4,0.377
2lkR391RHqgyLF2ERdtT3x,Strung Out,"Ruby Empress, ",0.0195,0.538,223853,0.69,0.141,9,0.168,-7.836,0,0.0378,100.006,4,0.335
1X1SYbh4YcezyQylTEMk9Y,Sly (feat. Winston Surfshirt) - Fortunes Remix,"Polographia, Winston Surfshirt, Fortunes, ",0.603,0.789,183500,0.441,0.000016,7,0.0827,-8.063,0,0.239,110.085,4,0.378
5yBUA5x8df0ebXvOGzuc0O,Ruin,"Shawn Mendes, ",0.398,0.669,241893,0.387,0,2,0.12,-6.624,1,0.0318,124.93,3,0.521
5uOL0fH1zxtRJwWHpCxy98,Melt,"JONES, ",0.193,0.697,214913,0.489,0.00848,1,0.102,-10.704,1,0.0398,100.009,4,0.411
42VpxSdGQgnV1UJkWeGYkA,Switch,"Cass McCombs, ",0.362,0.682,254234,0.538,0.000123,7,0.324,-9.296,0,0.0283,98.003,4,0.727
39PrQCuTLOgApfoGPKDdnc,Tearing Me Up - Radio Edit,"Bob Moses, ",0.121,0.676,223540,0.488,0,7,0.111,-7.455,1,0.0531,115.019,4,0.168
3t6bWEYhEgvSYlLSqW8v4J,Swingin Party,"Kindness, ",0.0426,0.81,238347,0.685,0.348,9,0.0928,-8.671,1,0.0412,109.949,4,0.484
6nnSkEpzo8PmHsOlSopoO6,Can't Seem To Make You Mine,"The Seeds, ",0.148,0.699,185481,0.384,0,7,0.121,-13.691,1,0.044,109.573,4,0.589
0SpVbtssPegVSizgGVpJ3o,Our Love,"Samm Henshaw, ",0.0192,0.832,185622,0.788,0,11,0.0571,-4.024,0,0.0993,115.98,4,0.958
38sf3sFw835Uzab1FpHqzJ,Le lac,"Julien Doré, ",0.136,0.737,237173,0.641,0.00258,8,0.132,-8.566,1,0.0345,117.029,4,0.808
5g0i6B7xPsaldRbjxMd2OL,I'll Be That Friend,"Jodie Abacus, ",0.222,0.715,210909,0.702,0.00000233,9,0.81,-4.856,0,0.0277,98.993,4,0.833
3hAzODuMR1gL72mawBMb6I,Feels So Right,"MAALA, ",0.314,0.54,223634,0.427,0.0000131,1,0.156,-6.78,0,0.0506,183.936,3,0.36
1FFG7xxiIpaw1kfbc402Pp,Just,"Couzare, Cozy, ",0.0788,0.907,228005,0.58,0.0025,9,0.133,-7.777,1,0.0653,120.001,4,0.582
0YLN2oIPG6MPKAy5ysiePj,Mellow Mellow (Right On),"Lowrell, ",0.0625,0.614,482013,0.525,0.000774,7,0.0766,-8.615,0,0.0411,87.462,4,0.825
7L7KnCltNM8yXWs3ozuUY1,Dang! (feat. Anderson .Paak),"Mac Miller, Anderson .Paak, ",0.00826,0.836,305350,0.67,0.000355,5,0.0837,-6.907,0,0.23,107.018,4,0.558
4YFVcmPaqjQnJg2bZ3Wm12,Anything You Want (Not That),"Belleruche, ",0.0541,0.954,202480,0.777,0.786,2,0.111,-7.935,0,0.0422,122.32,4,0.95
1J7aG8YZaTJ0FCkcvjsVI5,Canvas,"Ajmw, ",0.371,0.696,211957,0.286,0.681,5,0.207,-10.793,0,0.102,92.039,4,0.582
3p5RVnBFzE2flDBfBvPxOO,Second Heartbeat,"Shy Girls, ",0.64,0.731,203813,0.335,0.271,7,0.14,-9.672,1,0.0438,94.991,4,0.444
28YLWwEB6xnJQYN7e062rH,Tell Your Friends,"The Weeknd, ",0.246,0.584,334333,0.455,0,1,0.181,-11.066,0,0.0488,74.634,4,0.306
4ZKGarvWsSOruOaw40cFNz,Love That Girl,"Raphael Saadiq, ",0.0136,0.71,184413,0.674,0.0000173,1,0.0366,-5.393,1,0.0352,124.033,4,0.687
4LUu3bMpuxHjwPLj84rNSx,Mirror Maru,"Cashmere Cat, ",0.352,0.781,242133,0.718,0.552,1,0.0981,-6.559,1,0.0394,129.956,4,0.191
6AhZ4fAacXwYs07H8AwRwU,I Won't Take You for Someonelse,"Fantastic Mister Zguy, ",0.137,0.699,130250,0.767,0.000729,0,0.209,-6.503,1,0.0335,132.258,4,0.76
5tIw3TsHRrY1AL4K5UwTyP,Leadlight,"Julia Jacklin, ",0.159,0.659,222562,0.426,0,0,0.166,-8.365,1,0.0326,110.912,3,0.415
70mdAgKwVeGEHLB0lAR4mY,With Every Heartbeat (Joakim remix),"Robyn, ",0.0343,0.781,406205,0.738,0.605,4,0.0476,-7.389,0,0.0433,121.016,4,0.968
1WqrrxFLNeNcYH2ELDs9UK,Church On Sunday,"Grace, ",0.15,0.68,222907,0.604,0,5,0.0804,-5.76,1,0.234,168.036,4,0.932
20RMNLkRf91wZ2KpLXmqyq,Ciclos,"I Can Chase Dragons!, ",0.423,0.818,261672,0.316,0.0576,9,0.0976,-14.53,0,0.0907,101.007,4,0.513
52IlP9fJ6qgytF2duYrWDM,Géographie - Radio Edit,"Bon Voyage Organisation, ",0.0795,0.605,214200,0.733,0.158,4,0.0863,-7.602,0,0.0313,117.994,4,0.514
27uyUCHIMiiBM4vNHeEf5X,On The Line,"Gavin Turek, ",0.048,0.873,256180,0.69,0.436,9,0.0817,-4.791,0,0.038,128.006,4,0.895
4NQ7kqQP6q7PZ0LIvqSH8D,Love Like That,"Mayer Hawthorne, ",0.0607,0.875,246429,0.658,0.0000346,3,0.0658,-4.206,0,0.0411,125.95,4,0.891
5LDgjGacK4ZLXkSwwnv5Ix,Focus - Bonus Track,"Emily King, ",0.15,0.756,247083,0.509,0.231,6,0.0929,-13.598,0,0.0512,95.014,4,0.766
63MRutmAXJwkxhMhPHoioS,Tired of Talking,"LÉON, ",0.127,0.669,197000,0.693,0.00000294,9,0.174,-6.407,0,0.0695,100.946,4,0.396
48MBgGMN8k8ctL9MoxiZL3,Feel Good,"Satin Jackets, Scavenger Hunt, ",0.398,0.806,166333,0.603,0.0000817,2,0.145,-6.841,1,0.0971,113.996,4,0.796
4NN9IyaBZRM08WLVi7P2bw,Shine - Kygo Remix / Single Edit,"Benjamin Francis Leftwich, Kygo, ",0.446,0.689,219280,0.599,0.000156,4,0.541,-8.868,1,0.124,112.018,4,0.409
4XcggrvWzPGxlcpSMWqGFW,Night Air,"Jamie Woon, ",0.569,0.832,323799,0.522,0.0482,3,0.0953,-11.469,0,0.154,110.015,4,0.515
7gZzWI6yC0Wb8xLcNYoYIg,Am I Wrong,"Anderson .Paak, ScHoolboy Q, ",0.0588,0.729,253520,0.799,0.00218,11,0.0948,-7.378,0,0.0779,115.04,4,0.534
2Y2z7CYY8h4zBqsSvBteAU,Standing on My Own,"Max Jury, ",0.218,0.701,238464,0.565,0.024,4,0.189,-7.174,1,0.0393,141.999,4,0.517
5htgOWTitOzUNiVG5G0m5V,Taxis,"Amanda Bergman, ",0.312,0.675,190800,0.649,0.000437,11,0.23,-8.09,0,0.0435,120.058,4,0.351
3Mj5wXVgnFs0HhBI4iYHCd,Kelly,"Amason, ",0.0917,0.747,218573,0.529,0.18,1,0.128,-8.632,0,0.0315,117.006,4,0.594
430AnSE09cNCZ42bG27QyU,After All,"Charlotte Day Wilson, ",0.387,0.736,252245,0.458,0.000128,3,0.113,-7.853,1,0.0327,108.016,4,0.315
2MR7uOIOsLEgRL6xi9p5pS,Weight in Gold (feat. Seal),"Gallant, Seal, ",0.511,0.751,205727,0.311,0,3,0.0722,-11.528,1,0.0504,119.944,4,0.451
4BpERr0wWn65JvErQTfsYK,Make It Up,"Shura, ",0.195,0.675,211393,0.734,0.00615,11,0.129,-8.6,0,0.0356,120.962,4,0.526
6qH6xP8tzxvZlCcmHit4AL,Inspiration Information,"Shuggie Otis, ",0.00271,0.805,252293,0.654,0.00993,7,0.141,-7.072,1,0.056,89.738,4,0.844
0e43YnIeghIkDOW146x3G5,E.V.P.,"Blood Orange, ",0.00262,0.71,343570,0.692,0.0128,10,0.132,-7.68,1,0.0568,104.983,4,0.28
6rZ3FJNSp37OMiOxxjNmh5,Zuky,"Villa, ",0.0731,0.714,291571,0.791,0.165,11,0.073,-8.066,1,0.0506,107.988,4,0.917
0ki98XHCkOyTNd3RkTsVP0,Out Of Time,"Skogsrå, ",0.0287,0.774,266144,0.872,0.00479,8,0.0653,-3.527,1,0.0614,115.025,4,0.603
6PZDPg3dZgJkNL6nVMUB4b,Little Bit,"Lykke Li, ",0.158,0.819,273427,0.736,0.00161,7,0.109,-6.504,1,0.0416,120.318,4,0.709
4LMlviHZfDUXWIZhvGEAKi,Young,"Frankie Cosmos, ",0.439,0.495,122298,0.362,0.0000167,2,0.127,-8.737,1,0.0539,104.937,4,0.193
7BSROePF8jz3tVHbafS2P9,All Day Long,"KAPPEKOFF, ",0.132,0.651,215387,0.902,0.000768,5,0.198,-6.379,0,0.0571,112.399,4,0.583
0TNXILAGuF49nsIyylBACS,Til I Met Thee,"Cody Chesnutt, ",0.052,0.557,265557,0.665,0,8,0.163,-5.021,0,0.109,96.214,4,0.791
1bYqCjyoX456YOsC5MhiNC,Tip Pit,"World Champion, ",0.634,0.605,227781,0.573,0.000047,2,0.0974,-7.113,1,0.0274,143.216,3,0.834
6O9h1t3AJK6ybVvhZG5aCl,Back Where I Belong - Radio Edit,"Jack Savoretti, ",0.191,0.612,219360,0.874,0,3,0.135,-5.938,0,0.0682,115.026,4,0.908
3NZEdsk7NgbwTpIVmwNdvb,Chess - Opium Factory Remix,"Joon Moon, ",0.00713,0.912,183478,0.488,0.588,8,0.0752,-10.573,1,0.0378,104.005,4,0.864
2eJDreSFwZDkmDGdOtEJbR,Dare Tonight,"Gateway Drugs, ",0.237,0.684,212600,0.745,0.0000693,5,0.145,-6.667,1,0.0258,111.988,4,0.846
13AYQK0HEtYCMGo0yKebeD,It Takes a Lot,"Hush Moss, ",0.355,0.5,238830,0.753,0.556,5,0.364,-7.705,1,0.0582,213.973,4,0.901
42N1d6aqK7MfvsdHll5R83,Big Brown Eyes,"Benny Sings, ",0.0205,0.916,252627,0.475,0.303,9,0.119,-8.481,0,0.0495,130.86,4,0.695
7h9ktTq5GmXrk8oj8YshSP,Waters Of March - Tim Biro Edit,"Penderstreet Steppers, Harry ""The It"" Dennis, ",0.777,0.96,258429,0.46,0.821,1,0.112,-11.601,0,0.235,108.85,4,0.459
6Ecfs0LIfbnRFjBx8dnguQ,Get You Back,"Mayer Hawthorne, ",0.175,0.469,216253,0.47,0,3,0.0993,-6.197,1,0.0345,179.757,3,0.518
5VUl17rW74R67xbxOppPl8,Paradise - Boehm Remix,"Josef Salvat, Boehm, ",0.0987,0.814,197893,0.526,0.00000582,6,0.116,-7.452,1,0.0373,119.987,4,0.607
4it9okpXUNL0haiYRxfU0q,Miss Right,"Anderson .Paak, ",0.00312,0.824,198652,0.526,0.258,10,0.161,-7.334,0,0.222,96.477,4,0.699
0bwhh6ODCZgJFY2n4CMkoF,Lost (As I Am),"Superwalkers, ",0.00297,0.668,206096,0.597,0.0823,11,0.28,-7.458,0,0.0341,120.006,4,0.646
3zRopmiStbxwO6GAPbzVuk,Hurt Me,"Låpsley, ",0.676,0.661,231467,0.733,0.0000706,8,0.16,-5.345,1,0.129,137.904,4,0.575
1sq5otKE9EWT2fkJrrJx6Q,1517,"The Whitest Boy Alive, ",0.317,0.784,221227,0.539,0.377,11,0.0989,-7.676,0,0.0406,122.53,4,0.963
5BTo0g51UzNtfpzrxrY6RQ,Luxembourg Park,"Omoh, ",0.384,0.88,204160,0.405,0.00207,0,0.119,-8.228,1,0.0611,120.014,4,0.775
2pygzLN7fwCgeW5FNaugEm,What You Don't Do - Tom Misch Remix,"Lianne La Havas, Tom Misch, ",0.334,0.704,229959,0.511,0.137,10,0.113,-6.778,0,0.131,93.989,4,0.478
00NLANlysX9yJpOD3mfshw,Outside,"SoulChef, ",0.0835,0.782,120053,0.565,0.854,10,0.142,-10.321,0,0.148,93.009,4,0.696
0afm4aa732OUJGXr0JGJ56,Walk Walk (20syl Remix),"Yael Naim, ",0.466,0.376,176853,0.38,0.000265,5,0.189,-9.439,1,0.113,83.694,4,0.43
5MjAFPcmrR1DYCgZrXCN4d,Turnin' Me Up,"BJ The Chicago Kid, ",0.0369,0.732,269173,0.79,0.118,2,0.0543,-4.346,1,0.0918,78.504,4,0.827
0IJ1ijo3uoJzy6ZE5wxJio,Grizzly Bear,"Angus & Julia Stone, ",0.496,0.907,248520,0.439,0.0911,9,0.099,-8.621,0,0.049,118.051,4,0.929
5JGupSc7p3y6FWoWuuOewZ,Give - Radio Version,"Emil Germ, ",0.228,0.793,207934,0.638,0.00743,0,0.0705,-7.64,1,0.0444,105.009,4,0.534
6liqFYyuPXOxhDorB94vbW,"Odissi, Pt. II (Emotif) [Yuksek Remix]","Chassol, ",0.0631,0.663,288197,0.824,0.278,5,0.0724,-7.995,0,0.0573,89.993,4,0.552
1UXYaXFyEogAXs4ddBnpZg,A Simple Game,"Billy Ocean, ",0.0689,0.692,303400,0.72,0.000121,9,0.232,-3.975,0,0.0434,109.994,4,0.543
17XvbAd3K1GOjWy5uQvK2U,Baby,"Devendra Banhart, ",0.0498,0.833,185787,0.325,0.0674,1,0.15,-10.093,0,0.0404,102.02,4,0.863
0fFBRlw706hANaqydx0ujA,Ar Tu Jauti?,"Saulės Kliošas, ",0.0744,0.815,229800,0.644,0.414,1,0.0659,-7.966,1,0.0556,115.01,4,0.654
617uvFPi0cd6YGUApc6lLq,Why,"Les Sins, Nate Salman, ",0.238,0.766,243787,0.678,0.185,10,0.107,-7.629,0,0.0331,117.025,4,0.642
3RaH9fxrZ541JcayzhcuzX,Second Nature,"Stalking Gia, ",0.652,0.865,246610,0.548,0.0161,10,0.113,-7.379,0,0.192,109.989,4,0.879
7qFexQbJ2Kjv9V5hMtK5Lh,Wait For the Moment,"Vulfpeck, ",0.501,0.773,230677,0.36,0.00409,0,0.0823,-9.722,1,0.0955,79.207,4,0.677
7Dq1sWM1JfMrphbuwfeGVl,How Long,"Ace, ",0.587,0.717,204227,0.406,0.103,0,0.0869,-13.954,0,0.0305,123.213,4,0.71
5jI0YSy3aW387FQaXQeiaO,Brother Brother,"Surfalot, ",0.343,0.662,185202,0.558,0.000449,7,0.28,-7.615,1,0.0307,124.976,4,0.509
2pNQc7ivtCoOwEGJ04AwzW,Emotional,"Snoh Aalegra, ",0.358,0.569,231200,0.678,0,6,0.023,-6.166,1,0.0715,101.52,4,0.862
3jPbQzzYMp2Fc2Qj6hsqkg,Never Said I Was An Angel,"Pauline, ",0.259,0.783,190147,0.656,0.00463,1,0.0227,-7.307,1,0.0377,136.037,4,0.965
3AA8xNhDC0MpqwkGX3EP5V,If I ever feel better,"Phoenix, ",0.0492,0.755,266600,0.553,0.00607,6,0.0646,-9.449,0,0.107,119.7,4,0.836
6hoRr1KXrixuhILElTIGUM,Effortless,"Sabina Ddumba, ",0.192,0.632,180347,0.631,0,1,0.107,-5.181,1,0.0433,83.106,4,0.522
1N5zNjjaie1MpYW4oTPqVZ,Keeping Me Under,"Two Another, ",0.135,0.795,218926,0.549,0.000109,2,0.115,-7.791,1,0.088,108.012,4,0.592
4remf8hQHkZ4nXhOpNTMw4,All For You,"Lion & The Lamb, ",0.0116,0.648,236081,0.476,0.00641,4,0.0681,-12.818,0,0.184,172.037,4,0.963
6ikh8e4YxgOlb11LWUaBp4,The Keys,"Matt Duncan, ",0.511,0.782,217066,0.478,0.0117,0,0.131,-11.132,1,0.0671,94.997,4,0.707
5UBS7QGzK8TikZe4v6A91F,Nothing Gold - Todd Terje Remix,"Joakim, ",0.0532,0.73,561682,0.838,0.908,8,0.0522,-6.712,1,0.0468,112.995,4,0.964
5W7fIifB8wRBPN6yOcHpi2,Samba de uma nota só,"Vanessa Da Mata, ",0.472,0.724,134707,0.573,0.00445,2,0.107,-8.346,1,0.0356,88.028,4,0.463
38tH5TrrQ4ckthMLBGlbxV,Double Rainbow,"Stan Getz, João Gilberto, ",0.931,0.478,211867,0.309,0.0241,9,0.115,-16.694,1,0.0354,95.006,3,0.619
0eIW0BGY63JpCydq9j0oVL,La Rua Madureira,"Pauline Croze, ",0.898,0.583,197880,0.402,0.00000136,7,0.143,-10.659,0,0.0317,85.936,4,0.552
22DUYHHTOtAwYFnkX7i0Kn,The Night Has a Thousand Eyes,"Sonny Rollins, ",0.83,0.702,550333,0.295,0.862,7,0.109,-14.149,1,0.0494,129.255,4,0.561
5kapVb34raTBsynt0Zj6qw,Bossa Antigua,"Paul Desmond, ",0.925,0.513,282560,0.292,0.82,5,0.0824,-18.232,0,0.0579,97.087,4,0.564
1jpzA2afTrTVH2nGJNAiN8,Foi um Rio Que Passou em Minha Vida - Ao Vivo,"Paulinho Da Viola, ",0.662,0.546,165533,0.487,0.000246,9,0.697,-15.412,1,0.313,114.449,4,0.786
70BS5YOpvhWkkol3Alvsi1,The Girl From Ipanema,"Amy Winehouse, ",0.279,0.691,166960,0.608,0.00000175,9,0.111,-5.045,0,0.0516,138.039,4,0.713
6RQ1VQNFbi0yn2ZHX12cLJ,Paquetá,"Dalva De Oliveira, ",0.77,0.688,132582,0.424,0,2,0.156,-11.271,1,0.0701,127.021,4,0.893
5013GzW3Mw2vibyztNJoOe,Samba Saravah,"Pauline Croze, ",0.832,0.686,170187,0.435,0,6,0.0975,-9.37,1,0.0425,152.004,4,0.815
2ukW9zOr51AYeLSmCtTVqW,Não Me Deixe Só,"Vanessa Da Mata, ",0.333,0.731,189667,0.469,0.0115,2,0.0976,-10.724,1,0.0379,107.093,4,0.641
1UHqnM0GD6JptREQgmkN9z,Ondo Onda A Meu Amor,"Orlandivo, ",0.276,0.687,222693,0.661,0.0859,5,0.245,-12.15,0,0.106,88.102,4,0.96
1OzHkIzGMj4S3rWwF8TBjc,Aqua De Coco,"Marcos Valle, ",0.487,0.755,287560,0.732,0.00091,10,0.454,-9.6,0,0.0658,88.028,4,0.825
4oStJO9ZuNRysGUHV2DV6j,Carolina Carol Bela,"Jorge Ben Jor, Toquinho, ",0.87,0.45,188173,0.53,0.0723,7,0.137,-11.284,0,0.0358,86.087,4,0.901
17WLioC3CduxV3E7SxuEuU,Não Vem Que Não Tem (Nem Vem Que Não),"Wilson Simonal, ",0.172,0.745,153347,0.682,0,5,0.713,-8.157,1,0.0472,121.354,4,0.889
1hrzv3L6VgkXub9T34ipcg,O Telefone Tocou Novamente,"Jorge Ben Jor, ",0.573,0.533,231347,0.723,0,4,0.0996,-7.223,0,0.0456,87.938,4,0.575
2moGHNaU8a4j1iowyOiYnF,Samba da Bênção,"Maria Bethânia, ",0.372,0.597,182160,0.549,0.000923,0,0.0992,-11.817,1,0.0543,159.381,4,0.851
5AjFVQrx7ABMWaxQvnz3V5,Saudade Dela,"Maria Bethânia, Gilberto Gil, Caetano Veloso, ",0.467,0.766,208707,0.637,0,9,0.264,-8.528,1,0.0626,95.136,4,0.588
5VKSs0ytf8QhIKqJ5creHP,Falador Passa Mal,"Os Originais Do Samba, ",0.363,0.791,189133,0.802,0.0000843,5,0.0751,-6.481,0,0.118,88.95,4,0.869
4101xj55k6mKizH6DAsDOZ,Bebete Vãobora,"Jorge Ben Jor, ",0.808,0.599,154400,0.538,0,11,0.441,-7.823,0,0.0611,89.844,4,0.803
46I8nmGoUkxHC6hCxFPOnv,C'Est Une Bossa Nova,"Brigitte Bardot, ",0.715,0.613,129613,0.439,0.0000128,11,0.135,-10.364,0,0.0297,136.708,4,0.73
7Jl757vT5eNqemc6PtY2dA,Zero,"Liniker e os Caramelows, ",0.823,0.514,364359,0.289,0,0,0.185,-12.24,1,0.034,77.493,4,0.37
3HrNKLtlJsMnJUFnbqCBNT,Irene,"Rodrigo Amarante, ",0.974,0.547,197920,0.124,0.631,6,0.105,-16.246,0,0.052,175.718,3,0.277
016MhOWmy8BMUm7kUBEqwh,Turbilaho,"Paula Sergio, ",0.191,0.697,251427,0.332,0,4,0.275,-14.877,0,0.0448,93.404,4,0.708
3bgRCx8adxUZT7It3ryrWU,O Bêbado e a Equilibrista,"João Bosco, Angela Maria, ",0.544,0.545,200240,0.723,0,11,0.0715,-9.613,0,0.113,103.891,4,0.946
1saMuGl5zk1CIVjeHgHH9B,Bossa Nova Cha Cha,"Luiz Bonfa, Oscar Castro-Neves, Lalo Schifrin, ",0.827,0.638,201013,0.213,0.155,2,0.465,-16.119,1,0.052,146.995,4,0.619
4ll184FeYei96CQuA7MyiI,Brazilian Tapestry,"Astrud Gilberto, Stanley Turrentine, ",0.635,0.384,303800,0.418,0.000754,10,0.0773,-14.634,1,0.0481,98.726,3,0.599
4mEVrfI9mRyUhVCN37hg3u,Olhos Feiticeiros,"Joyce, ",0.813,0.654,112760,0.378,0,5,0.11,-12.024,0,0.0329,141.243,4,0.733
1rASuRGnqDs8aCtZgtFqu2,Boca De Sapo,"João Bosco, ",0.606,0.787,194280,0.659,0.000541,4,0.08,-9.13,1,0.0784,101.333,4,0.886
0Eb3TL58Q9d0MUToLIcuAG,O Pato,"Gilberto Gil, ",0.806,0.786,242493,0.428,0.478,2,0.145,-12.116,1,0.0687,83.937,4,0.694
7oVqltDjGX62BtvbTLF8qY,Atrás Da Porta / Canção Do Amanhecer,"Nana Caymmi, ",0.792,0.371,223507,0.298,0.0533,0,0.143,-14.939,1,0.0328,108.82,4,0.122
79uEE6rjTMWzduoAvWFbZR,Samba do Avião,"Miúcha, Antônio Carlos Jobim, ",0.767,0.529,168507,0.649,0,11,0.454,-9.992,0,0.0862,157.736,4,0.369
6G1YS7GVFa9SebpwMED5jb,Ponteio,"Astrud Gilberto, Stanley Turrentine, ",0.614,0.578,232093,0.401,0.000209,5,0.123,-14.927,0,0.0542,113.674,4,0.716
7yUFShkmQUMjljLGJVGvAH,Talismã,"Monique Kessous, Raimundo Fagner, ",0.344,0.661,273667,0.55,0,2,0.418,-7.804,1,0.0342,119.915,4,0.276
6yiCnuR7xZDaxyuU0tEPok,Ela É Carioca,"Os Cariocas, ",0.783,0.419,154920,0.378,0,8,0.165,-7.679,1,0.0291,130.838,4,0.334
4dCbGaRR4F1EnJFav4YmkS,Mais Que Nada,"Sergio Mendes & Brasil '66, ",0.559,0.638,160013,0.502,0.0000641,5,0.282,-13.457,0,0.0462,88.651,4,0.856
5lq65xcRqsDnkl7O7OV4ht,Falsa Bahiana,"J. Pereira, ",0.483,0.61,195840,0.554,0.00000757,4,0.115,-9.072,0,0.122,77.273,4,0.76
0yO7Rg00ZJiMMb8pHiBojc,Samba de Orfeu,"Luis Bonfa, Toots Thielemans, ",0.735,0.715,216360,0.406,0.649,4,0.11,-17.926,0,0.0573,104.756,4,0.665
0oiNDJWFLPQoAm35OwT66P,Children's Games,"Antônio Carlos Jobim, ",0.378,0.328,207907,0.334,0.823,1,0.0947,-18.008,1,0.0426,168.999,3,0.767
3ogX9R1qbv0jG9GQAOb4n5,Falsa Baiana,"Gal Costa, ",0.942,0.586,132933,0.0616,0.0327,9,0.123,-24.997,1,0.0451,103.649,4,0.611
4S3Du6ZPFEzOKK9p5vbRrx,Pela Luz dos Olhos Teus - Bonus Track,"Miúcha, Antônio Carlos Jobim, ",0.877,0.455,164160,0.286,0,9,0.108,-11.618,1,0.0581,116.81,3,0.776
1Yimq2iZciRfLDDdeGnhiA,Samba Cantina,"Paul Desmond, ",0.831,0.497,338200,0.317,0.265,5,0.101,-17.387,0,0.0455,152.421,4,0.777
2ExI2HJwAPqXs2eWfHb1uX,Falsa Baiana,"Stan Getz, ",0.856,0.551,301773,0.448,0.221,2,0.307,-11.286,1,0.0311,87.165,4,0.649
0VUjKEQA4M9Sqb362LjEDz,3 Horas da Manhã,"Tamba Trio, ",0.717,0.697,160000,0.595,0,9,0.098,-12.136,1,0.252,83.561,4,0.744
2pIHetu2pPo3xagaL4m3DF,Viola Fora De Moda,"Edu Lobo, ",0.111,0.569,170453,0.794,0.00104,2,0.0839,-7.5,1,0.0436,106.055,4,0.395
6Vm5yxajBiFVA8iEH2uU3z,Vera Cruz,"Milton Nascimento, ",0.454,0.328,192733,0.354,0.0798,2,0.596,-11.128,0,0.0325,120.022,4,0.119
5E1707ifBAiZp9yJobsebZ,Onde Anda Você,"Toquinho, Vinícius de Moraes, ",0.694,0.687,168427,0.39,0.0305,4,0.0946,-11.662,0,0.0325,109.654,3,0.59
4J4NyN2RYIWpuXbZom7IU1,Samba Da Volta,"Vinícius de Moraes, Toquinho, ",0.842,0.364,173440,0.485,0.0024,9,0.173,-9.382,0,0.0408,86.887,4,0.756
7H1e5MyIEbut4dBPSzmtgh,Desacato,"Claudia, ",0.539,0.623,191200,0.327,0,1,0.405,-9.212,1,0.0346,118.811,4,0.281
31isd0Re7GM2OjMWRD9R70,Negue,"Maria Bethânia, ",0.775,0.348,238190,0.254,0.00438,4,0.362,-13.207,0,0.0371,172.852,4,0.334
6QJJcMI7Iv7iHetshB2v0e,Lamento No Morro,"Nara Leão, ",0.816,0.38,146773,0.397,0.018,2,0.122,-11.024,0,0.0317,139.461,4,0.371
6M3Ks6GEsjZDITfrZrncRK,Jodel,"João Donato, Seu Trio, ",0.658,0.553,194240,0.7,0.889,10,0.098,-15.316,1,0.0496,145.614,4,0.541
5prGd6bC82Q2sRrOPn2KLS,So Nice (Summer Samba),"Marcos Valle, ",0.568,0.782,151093,0.48,0,5,0.0731,-11.197,1,0.0384,122.087,4,0.851
58DrbNadexaVVmsMkRgoTL,De Conversa Em Conversa,"João Gilberto, ",0.788,0.675,134373,0.345,0.00000617,6,0.152,-13.406,0,0.073,79.243,4,0.894
26texh9kObRkrwNT1EREMs,Walk on By - Studio Rio Version,"Aretha Franklin, Studio Rio, ",0.641,0.746,200493,0.519,0,0,0.0951,-6.29,0,0.0253,100.162,4,0.666
4mH5oNojEmOswUGgCizDeb,Lovely Day - Studio Rio Version,"Bill Withers, Studio Rio, ",0.12,0.686,237933,0.833,0.105,9,0.0894,-5.449,1,0.0403,97.671,4,0.888
6cjjUuY51c5SwTABCVPSYH,Bossa Nova U.S.A.,"Dave Brubeck, ",0.53,0.617,143507,0.497,0.00662,5,0.0767,-14.132,1,0.0471,105.943,4,0.806
67Hu8S8wMhAEKY6AfGSMoZ,The Girl from Ipanema,"Charlie Byrd, Kevin Boutote, ",0.877,0.662,168173,0.227,0.849,5,0.137,-17.07,1,0.0333,150.097,4,0.642
4fra09o7m40oh1e9AFlcmL,Domingo em Copacabana,"Elis Regina, ",0.687,0.764,127693,0.51,0.0717,5,0.0991,-10.33,0,0.0681,94.639,4,0.835
1yhuvsoxqYNw7gDgs7c8bW,Coração Vagabundo,"Gal Costa, Caetano Veloso, ",0.785,0.577,143427,0.312,0.0976,0,0.138,-13.453,0,0.0448,80.698,1,0.369
3aXSKGqHUGXWPfBcpl1C8I,Samba do Carioca,"Flora Purim, ",0.765,0.423,125333,0.613,0,5,0.736,-8.962,0,0.0777,100.792,3,0.874
2MrY7stBQmQu3qDTRAaF1f,Berimbau,"Maria Creuza, ",0.882,0.738,166427,0.467,0.000148,0,0.0996,-10.249,0,0.0464,154.966,4,0.681
2IAmL20tcnaitCWZC3DU12,Brazil (Aka Aquarela do Brasil),"Antônio Carlos Jobim, ",0.118,0.505,442933,0.483,0.894,10,0.0773,-20,0,0.0438,111.795,4,0.62
4fuLuM6u6s4hUO7zkVJCIv,Canto de Ossanha,"Maysa, ",0.942,0.492,172200,0.271,0.0000125,3,0.0974,-8.789,1,0.0889,139.806,4,0.353
4QXtZtoM3LDfdi37lL7CcA,O Amor Em Paz,"Chico Buarque, ",0.814,0.651,255973,0.269,0.118,9,0.152,-15.785,0,0.0273,102.066,4,0.293
5Xru9DheDWuVfontF3xtN1,Mas Que Nada,"Tamba Trio, ",0.385,0.662,162133,0.698,0.00213,5,0.0796,-6.942,1,0.0297,80.368,4,0.785
5Hn8fkS53OA0gTZFgmUdkR,Chega de Saudade,"Zeca Pagodinho, ",0.746,0.797,234747,0.576,0.00015,2,0.0422,-10.289,1,0.207,86.014,4,0.743
2KI2QttuOK3cNG89XtMjDi,A Felicidade,"Joyce, Roberta Sá, ",0.868,0.537,249547,0.288,0,0,0.128,-11.126,0,0.0308,95.125,4,0.269
2LFcZ1nrrMPmGOvuEwAK23,Manha de Carnaval,"João Donato, ",0.672,0.737,186773,0.323,0.854,9,0.131,-17.345,0,0.0452,116.734,4,0.847
6rZtjKNEHEOZZDjVK1KzjO,Obsession,"Sarah Vaughan, ",0.242,0.668,188840,0.494,0.00000319,5,0.0918,-14.149,0,0.0649,82.229,4,0.467
2ndDU6TV6NwgaF4k5i9j4u,Corcovado (Quiet Nights Of Quiet Stars),"Miles Davis, Gil Evans & His Orchestra, ",0.886,0.41,162160,0.153,0.833,7,0.488,-14.374,0,0.0358,121.476,4,0.226
2RPHy1PlxehscIM1K1wQMy,Nova Bossa Nova,"Marcos Valle, ",0.523,0.598,246400,0.739,0.725,8,0.146,-10.602,1,0.0451,95.018,4,0.883
64KUUPwr6in5H463iqw1P8,Eu Sei Que Vou Te Amar / O Bem e o Mal,"Nana Caymmi, ",0.866,0.378,281440,0.245,0.0125,7,0.159,-15.282,1,0.0284,79.999,4,0.157
4Vy32l3sPINRnnq7cxgAtz,Tarde em Itapuan,"Paula Sergio, ",0.529,0.512,361893,0.316,0.0000633,4,0.103,-14.529,0,0.122,75.693,4,0.757
6770VpNwRiV1fKMFjnhvmQ,Asa Branca,"Luiz Gonzaga, Raimundo Fagner, ",0.598,0.582,207760,0.726,0.00000158,5,0.128,-7.386,1,0.0376,115.545,4,0.823
4Rwljh2dqc2mIimSzsPATg,So Danco Samba,"Antônio Carlos Jobim, ",0.596,0.425,120760,0.501,0.0494,1,0.094,-17.18,1,0.0495,82.823,4,0.795
0dWOiVQwoUYTtXD0VVgmJQ,Chega de Saudade,"João Gilberto, ",0.743,0.563,121987,0.242,0,4,0.166,-16.004,0,0.0327,87.771,4,0.641
5p4NAxNDdex3XYanOqwyGI,Samba da Bênç¦o,"Toquinho, ",0.702,0.6,151400,0.604,0.205,11,0.121,-10.829,0,0.0453,84.953,4,0.473
5cDs6McSLoPsk82YZncf7o,Você e Eu,"Gilberto Gil, ",0.888,0.51,292640,0.351,0.167,2,0.0986,-14.127,1,0.0814,78.067,4,0.408
4OSitdvzLxZByVbG5iqoYh,Só tinha de ser com você,"Vanessa Da Mata, ",0.415,0.683,232200,0.609,0.0695,7,0.193,-12.184,1,0.0406,168.125,4,0.734
5z0rixDlXqm0iXZ1Zxz3YX,Digging Shelters,"Neil Halstead, ",0.851,0.5,220867,0.273,0.147,4,0.109,-11.195,1,0.0335,76.462,4,0.269
0YOOXnCJihgyluizqhAcrz,Fare Thee Well (Dink's Song),"Oscar Isaac, Marcus Mumford, ",0.897,0.495,180400,0.434,0.000393,2,0.109,-8.079,1,0.0313,82.16,4,0.232
1JxNWpK9xTWKRPoYTIX4Qk,Another Story,"The Head and the Heart, ",0.546,0.352,274200,0.45,0.127,5,0.283,-9.881,1,0.0293,86.937,4,0.111
66olzBxCgKlpFRB1LKH5pO,Mushaboom,"Feist, ",0.295,0.725,224507,0.53,0.00161,3,0.0683,-8.641,1,0.0365,88.712,4,0.815
2dFEB7VbBPZzhb2LqIBZbH,Blue Spotted Tail,"Fleet Foxes, ",0.903,0.501,185293,0.0305,0.00141,7,0.108,-21.455,1,0.0417,89.721,4,0.665
3ASn2iE7F4HvA8XyRbJ4tS,Sea Of Love,"Langhorne Slim, Jill Andrews, ",0.904,0.538,203191,0.272,0.000613,11,0.108,-10.783,1,0.0381,118.382,4,0.293
53hXLQsByJC4B3UCNcmh0E,We Will Become Silhouettes,"The Postal Service, ",0.0302,0.588,300547,0.569,0.0639,2,0.172,-8.044,1,0.0326,154.989,4,0.137
5dIGWhOYRiCAIMoDjimCAn,Carried Away,"Carl Broemel, ",0.546,0.595,243973,0.345,0.321,0,0.103,-11.285,1,0.0278,124.646,4,0.244
1t6zwEOPQUz9QIjlwZ5UGF,Line Of Fire,"Junip, ",0.472,0.484,339293,0.75,0.523,2,0.111,-8.033,1,0.0417,90.377,4,0.29
4H8RGVaLYBL7uM0KTS50WK,Try,"Escondido, ",0.773,0.282,217674,0.456,0.00557,0,0.11,-10.705,1,0.0333,127.975,4,0.159
4ouHnqx22lzTZHr2hEt5aH,Our Love,"Sharon Van Etten, ",0.134,0.578,232760,0.513,0.688,1,0.106,-9.868,0,0.0301,162.015,4,0.397
5aO3PDi7cfVyqSbXSrSxfx,Don't Tell Our Friends About Me,"Blake Mills, ",0.65,0.74,319773,0.559,0.00102,10,0.103,-8.077,1,0.0368,124.957,4,0.65
6hBmL5yVbXDHSWX6GbuogP,Had To Hear,"Real Estate, ",0.135,0.556,290827,0.765,0.732,7,0.149,-7.474,1,0.0319,125.72,4,0.485
5rP9Weh1uFtlyRGqnzyQnd,Towers,"Bon Iver, ",0.945,0.35,188040,0.334,0.703,9,0.273,-12.412,1,0.0323,91.592,4,0.139
05qTeP4xG8KXoRhN2HdKjS,I Don't Know What I Can Save You From,"Kings of Convenience, ",0.938,0.619,277507,0.284,0.774,3,0.123,-15.547,1,0.0286,91.943,4,0.687
3YLjiKf34DECifehm1yauN,Woman Like Me,"Paleo, ",0.782,0.631,212227,0.682,0.00000252,5,0.16,-4.711,1,0.0283,79.481,4,0.532
3jPiv3uw7BUSkhdOuxUxkq,Museum of Flight,"Damien Jurado, ",0.708,0.61,170907,0.401,0.0057,1,0.11,-9.844,1,0.0345,110.164,4,0.136
6CAG3rBGPTAinoqgVD7fBJ,The Greatest,"Cat Power, ",0.738,0.508,202560,0.362,0.000998,0,0.0922,-9.688,1,0.0262,107.459,4,0.325
0ZNYGrmcehorhh9JOeg5Iv,Stay Alive,"José González, ",0.736,0.718,266907,0.302,0.163,6,0.0887,-12.086,1,0.0372,129.999,4,0.337
0URtGENIORu1ruWHbh27F7,No Woman,"Whitney, ",0.9,0.582,238400,0.401,0.538,2,0.157,-8.731,1,0.028,112.357,4,0.414
6bmytjj9ePNgm9ALqs1Xa7,Changes,"Langhorne Slim, The Law, ",0.891,0.668,161907,0.367,0.00521,11,0.103,-11.002,1,0.0285,110.21,4,0.332
5IPIpXq8znsSOybCsbd88v,Wolves,"Phosphorescent, ",0.943,0.331,374640,0.288,0.00453,1,0.0756,-11.067,1,0.0311,130.752,3,0.0993
3mnZ0JehmgDBzG0vHScCRH,You're Out Wasting,"Andy Shauf, ",0.896,0.559,226720,0.413,0.000601,7,0.133,-13.439,1,0.0338,131.174,4,0.338
4fbvXwMTXPWaFyaMWUm9CR,Holocene,"Bon Iver, ",0.943,0.375,336613,0.304,0.303,1,0.126,-14.52,1,0.0302,147.989,4,0.151
0hcWKHCgdvsBAHkbLCrwQN,Tears of Joy,"Slow Club, ",0.267,0.644,245118,0.52,0,8,0.362,-8.583,1,0.063,142.736,4,0.374
7M8jtZQTPhPK6EgwcOgujM,Brandy Alexander,"Feist, ",0.431,0.629,216080,0.171,0.003,2,0.225,-10.845,1,0.0355,70.087,4,0.152
7BzhqmRj3iOZXqMHqiifHr,Heartbeats,"José González, ",0.974,0.552,160240,0.15,0.731,3,0.0698,-16.746,1,0.0347,87.485,4,0.311
25J4d78ESH2MgAJoIakB8O,Lost In The Light,"Bahamas, ",0.804,0.601,236720,0.262,0.0012,2,0.111,-8.743,1,0.0344,76.349,4,0.213
7EN9HHkjySM5Eratx2zaMo,Wood,"Rostam, ",0.731,0.506,342375,0.602,0.171,11,0.0745,-8.778,1,0.163,110.602,3,0.696
0jp1YFgWn67BtAVDZRaSqM,Detectorists (Original Soundtrack from the TV Series),"Johnny Flynn, ",0.361,0.419,125945,0.233,0.00135,4,0.11,-11.194,1,0.0317,106.08,4,0.205
65tH2GPMFCt8JtM2PM3MiX,Morning,"Beck, ",0.473,0.552,319787,0.359,0.0545,4,0.126,-9.883,1,0.0254,113.581,4,0.254
1mwwueuXt5NPPtnJyswwA9,My Baby Don't Understand Me,"Natalie Prass, ",0.847,0.514,312360,0.263,0.000273,8,0.0806,-10.391,1,0.0388,139.958,4,0.166
02iZJRlOZ7VRbzO8uVdOva,In the Stream,"S. Carey, ",0.951,0.462,310733,0.244,0.173,3,0.12,-16.96,1,0.029,100.142,4,0.0783
2gUSIsapdX6jEJ0DvjqTt2,Naked As We Came,"Iron & Wine, ",0.629,0.367,152627,0.208,0.0584,4,0.106,-16.734,1,0.0363,172.358,4,0.654
4VcCAbIwuMaIFzokHrrebn,Take The Night Off,"Laura Marling, ",0.873,0.299,252227,0.11,0.0303,0,0.117,-17.991,1,0.0428,166.58,3,0.264
2s3cLlYJ45K02djaHIwxUu,1904,"The Tallest Man On Earth, ",0.723,0.51,239733,0.581,0,0,0.0996,-4.141,1,0.0266,104.622,4,0.588
5Szn0p3DlnawyuhX8ULCg4,Orange Sky,"Alexi Murdoch, ",0.797,0.685,379520,0.15,0.0461,2,0.1,-20.543,1,0.039,124.956,4,0.128
7cRpjY0KWGmfZjcePxyGSl,I'd Be Waiting,"Nathaniel Rateliff & The Night Sweats, ",0.796,0.649,220959,0.234,0.00145,4,0.125,-12.739,1,0.0265,96.982,4,0.324
1LAzF3sa7k3QrOKtpCVgLJ,All Yours,"Widowspeak, ",0.0521,0.588,222409,0.507,0.722,7,0.188,-8.15,1,0.0297,128.041,4,0.506
4fpEuKIzTLmMJnYwFU0oqr,Death with Dignity,"Sufjan Stevens, ",0.986,0.51,239508,0.16,0.017,4,0.113,-21.03,1,0.0395,170.063,4,0.398
5rZXBHUU2qz7huEckTwpqo,High Hopes,"Kodaline, ",0.577,0.488,230267,0.487,0,4,0.193,-6.371,1,0.0307,77.344,4,0.235
5R9BaUKPIPBBadJSbB5knl,Dinosaur Sex,"Emmy The Great, ",0.122,0.398,337640,0.197,0.0451,7,0.108,-13.613,1,0.0298,97.937,4,0.124
4GrOV18KKdZnc3jcfvMDgk,Leaf Off / The Cave,"José González, ",0.837,0.46,293880,0.604,0.153,2,0.119,-8.303,1,0.0591,78.54,1,0.65
7GDbkrFBGrCb8ntbQPY3hQ,17,"Youth Lagoon, ",0.844,0.352,236000,0.254,0.58,0,0.108,-8.51,1,0.0473,79.989,4,0.0916
3G9ETaH55bMQx8hwNhAgbU,The Stable Song,"Gregory Alan Isakov, ",0.633,0.625,360933,0.432,0.00242,2,0.127,-11.948,1,0.0283,137.926,4,0.368
4A57CXs3jAmyNTMAwWaV53,Believe,"Mumford & Sons, ",0.035,0.362,220867,0.668,0.0212,2,0.219,-5.975,1,0.0431,113.996,4,0.348
40ttk439NA9RvbLBJpJU1M,Southern Sun,"Boy & Bear, ",0.136,0.538,281101,0.719,0.000394,0,0.187,-5.94,1,0.0348,118.315,4,0.511
30fUMnf2FI00EVTMRhOHhb,Higher Love,"James Vincent McMorrow, ",0.958,0.317,213473,0.162,0.0000463,5,0.111,-14.596,1,0.0608,169.304,4,0.251
7BhZDvzJV21Dd5bY9xvtII,Between the Bars,"Elliott Smith, ",0.937,0.519,141200,0.0774,0.886,7,0.107,-23.593,0,0.0629,135.245,3,0.356
4rzWrb9KT2v71cyuHhcbJY,Where Are You Now,"Mumford & Sons, ",0.662,0.525,219853,0.352,0.00000349,4,0.0872,-10.004,1,0.0426,83.908,4,0.117
3QVmVa40Q82OupvrhhVgPL,Chicago (acoustic version),"Sufjan Stevens, ",0.961,0.583,280773,0.379,0.0125,5,0.144,-11.224,1,0.0284,125.267,4,0.16
5szmwG86IFASvYrca21MEz,Work Song,"Hozier, ",0.74,0.484,229667,0.381,0.0000014,10,0.111,-10.732,1,0.0625,118.567,4,0.28
0GBcfTDD4OjGTGeVVgFl8v,Suffering,"The War On Drugs, ",0.692,0.54,362613,0.333,0.436,0,0.108,-10.738,1,0.0349,137.674,4,0.252
1szpo9PP7E2744kTFNK3HU,Can't You Tell,"Vetiver, ",0.0135,0.57,267040,0.786,0.746,8,0.0851,-7.997,1,0.0323,90.266,4,0.695
7fArBkBSsaUF5mOcpTL56I,Eyes,"Rogue Wave, ",0.821,0.642,148867,0.462,0.00000255,1,0.106,-8.026,1,0.0294,130.018,4,0.482
6kzi5LTg5uECin8pC34nxV,Montezuma,"Fleet Foxes, ",0.854,0.314,217120,0.308,0.0117,0,0.0993,-9.117,1,0.0283,99.214,4,0.0989
6wDKGtbPpF9xPMRv7bswQN,Dead Sea,"The Lumineers, ",0.81,0.713,247933,0.319,0.00000571,0,0.142,-11.099,1,0.028,94.043,4,0.471
2Imlbw05FhPRzWNyS2tokZ,I Was An Eagle,"Laura Marling, ",0.736,0.338,261680,0.317,0.000466,0,0.12,-13.835,1,0.0463,92.413,4,0.478
240ElV9j5kjT14OR8RPMoZ,Cavalier,"James Vincent McMorrow, ",0.904,0.332,283173,0.297,0.000126,11,0.222,-8.244,1,0.0497,85.245,5,0.0396
7is9tMXN65NMBWAVI36ajW,Man On Fire,"Edward Sharpe & The Magnetic Zeros, ",0.779,0.476,259080,0.478,0.117,11,0.103,-11.766,1,0.0395,89.06,4,0.475
4gNErDjikE9QUQvkkqoB1S,Blue Moon,"Beck, ",0.178,0.687,242347,0.651,0.00879,0,0.149,-6.696,1,0.0255,119.937,4,0.505
6qsArsTq6WoqtUFUe1e15W,Airplanes,"Local Natives, ",0.534,0.588,237933,0.529,0.0683,2,0.126,-7.838,1,0.0242,95.971,4,0.594
7C9qM17pJCJi1hiFERWjm6,Terror In The Canyons (The Wounded Master),"Phosphorescent, ",0.799,0.348,245547,0.627,0.0129,3,0.0976,-6.674,1,0.0317,130.089,4,0.385
0wy9UHwhV8o78L3F17WuDF,There Can Be Only One,"Cass McCombs, ",0.374,0.61,257453,0.683,0.21,9,0.247,-13.607,1,0.0347,86.33,4,0.854
4wd09wCccmxUB7XVJp0RNn,"Jesus, etc.","Wilco, ",0.616,0.756,231000,0.28,0.00033,5,0.414,-14.27,1,0.0296,109.413,4,0.678
1KqlVt63Q4bl1VdSlymr5C,Riptide,"Vance Joy, ",0.431,0.484,204280,0.731,0,1,0.151,-6.694,1,0.0379,101.654,4,0.5
5HIfxhZRZp6BPpsz4wCKq9,The Sweetest Thing,"Camera Obscura, ",0.046,0.395,262867,0.823,0.00000938,1,0.234,-4.42,1,0.0404,126.38,4,0.627
0up48KQvGzMCrgqrfT07i2,Ghosts,"Laura Marling, ",0.376,0.463,179960,0.368,0,9,0.149,-11.546,1,0.048,141.974,4,0.746
4UXSYJDEgOlMX3MXVkaiyH,It's Only Life,"The Shins, ",0.0476,0.627,241613,0.623,0.00000109,0,0.149,-6.613,1,0.0267,147.983,4,0.447
23A4WepE6mwaOXFyxWhQpk,Supernova,"Ray LaMontagne, ",0.12,0.581,235427,0.778,0.00272,11,0.0827,-7.186,1,0.03,133.897,4,0.902
7A2eHwcnRqegUGWov2K3P5,Lady On the Water,"Blitzen Trapper, ",0.831,0.462,146480,0.296,0,2,0.135,-14.688,0,0.0343,97.313,4,0.776
7vWSEWnBtWb48R7gJ6qngk,Fighter Girl,"Mason Jennings, ",0.465,0.557,200187,0.647,0.00000193,1,0.123,-6.365,1,0.0295,77.057,4,0.548
0FrCdLSwmmmu3iUxfj2VbZ,Tuck the Darkness In,"Bowerbirds, ",0.689,0.617,290147,0.433,0.254,7,0.117,-9.452,1,0.0288,109.979,4,0.301
37cKyb3sDEt5hRSpBdsrns,Swing Lo Magellan,"Dirty Projectors, ",0.825,0.738,157800,0.366,0.0000269,5,0.118,-10.231,0,0.0324,101.031,4,0.504
19n9s9SfnLtwPEODqk8KCT,Live And Die,"The Avett Brothers, ",0.113,0.591,271187,0.746,0,11,0.151,-5.054,1,0.0285,117.807,4,0.611
15uTxjdvNnV6U5u5L4vpnM,Mightiest of Guns,"A.A. Bondy, ",0.879,0.236,227280,0.16,0.0265,0,0.194,-16.868,1,0.035,169.025,4,0.122
